post_title;post_name;post_parent;ID;post_content;post_excerpt;post_status;post_password;menu_order;post_date;post_author;comment_status;sku;parent_sku;children;downloadable;virtual;stock;regular_price;sale_price;weight;length;width;height;tax_class;visibility;stock_status;backorders;sold_individually;low_stock_amount;manage_stock;tax_status;upsell_ids;crosssell_ids;purchase_note;sale_price_dates_from;sale_price_dates_to;download_limit;download_expiry;product_url;button_text;images;downloadable_files;product_page_url;meta:total_sales;meta:_global_unique_id;meta:_aioseo_title;meta:_aioseo_description;meta:_aioseo_keywords;meta:_aioseo_og_title;meta:_aioseo_og_description;meta:_aioseo_twitter_title;meta:_aioseo_og_article_tags;meta:_aioseo_twitter_description;tax:product_type;tax:product_visibility;tax:product_cat;tax:product_tag;tax:product_shipping_class;tax:product_brand;attribute:Marca;attribute_data:Marca
"Griglia Gico usata a gas";griglia-gico-usata-a-gas;;8;"<strong>Griglia Gico usata a gas</strong>
- Alimentazione a gas
- Dim:  80x90x95
- Con grigliato
- Potenza: 22.28 Kw
<strong>Consegna e costi di spedizione da accordare salvo esaurimento scorta</strong>";"<strong>Griglia Gico usata a gas</strong>
- Alimentazione a gas
- Dim:  80x90x95
- Con grigliato
- Potenza: 22.28 Kw
<strong>Consegna e costi di spedizione da accordare salvo esaurimento scorta</strong>";publish;;0;"2025-04-30 12:00:00";4163;open;8VF9N126C;;;no;no;;2750;;;80;90;95;;;instock;no;no;;no;taxable;;;;;;'-1;'-1;;;"https://www.borz.it/wp-content/uploads/2025/04/8VF9N126C.jpg ! alt :  ! title : 8VF9N126C ! desc :  ! caption : ";;https://www.borz.it/prodotto/griglia-gico-usata-a-gas/;0;;;;;;;;;;simple;;Occasioni;;;;Gico;0|1|0
"Lavastoviglie usata a capote Elframo";lavastoviglie-usata-a-capote-elframo;;14;"<strong>Lavastoviglie usata a capote Elframo </strong>
- Cesto 50 x 50
- Trifase
- Dim: 65 x 75 x 180
- Potenza: 6.2 Kw
<strong>Consegna e costi di spedizione da accordare salvo esaurimento scorta</strong>";"<strong>Lavastoviglie usata a capote Elframo </strong>
- Cesto 50 x 50
- Trifase
- Dim: 65 x 75 x 180
- Potenza: 6.2 Kw
<strong>Consegna e costi di spedizione da accordare salvo esaurimento scorta</strong>";publish;;0;"2025-04-30 12:00:00";4163;open;14PX010730;;;no;no;;1740;;;65;75;180;;;instock;no;no;;no;taxable;;;;;;'-1;'-1;;;"https://www.borz.it/wp-content/uploads/2025/05/14PX010730.png ! alt :  ! title : 14PX010730 ! desc :  ! caption : ";;https://www.borz.it/prodotto/lavastoviglie-usata-a-capote-elframo/;0;;;;;;;;;;simple;;Occasioni;;;;Elframo;0|1|0
"Impastatrice HERCULES 20 sirman nuova, esposizione";impastatrice-hercules-20-sirman-nuova-esposizione;;20;"<strong>Impastatrice HERCULES 20 sirman nuova, esposizione</strong>

- Potenza watt 750
- Capacita vasca 21 LT
- Potenza: 0.76 Kw
<strong>Consegna e costi di spedizione da accordare salvo esaurimento scorta</strong>";"<strong>Impastatrice HERCULES 20 sirman nuova, esposizione</strong>

- Potenza watt 750
- Capacita vasca 21 LT
- Potenza: 0.76 Kw
<strong>Consegna e costi di spedizione da accordare salvo esaurimento scorta</strong>";publish;;0;"2024-11-05 12:58:10";4163;open;20BJJF0655;;;no;no;;1226.25;;;53;83;100;;;instock;no;no;;no;taxable;;;;;;'-1;'-1;;;"https://www.borz.it/wp-content/uploads/2024/11/20BJJF0655-1-scaled.jpg ! alt :  ! title : 20BJJF0655-1.jpg ! desc :  ! caption : ";;https://www.borz.it/prodotto/impastatrice-hercules-20-sirman-nuova-esposizione/;0;;;;[];;;;[];;simple;;Occasioni;;;;Sirman;0|1|0
"Griglia a gas Hendi nuova";griglia-a-gas-hendi-nuova;;63;"<strong>Griglia a gas Hendi nuova</strong>
Fornito con protezione antivento.
Griglia superiore in acciaio per mantenere salse e cibo finito caldi.
Tubo del gas con connettore rapido al barbecue.
Tubo del gas e regolatore attaccati alla bombola per una migliore portabilita.
Piastra smaltata in ghisa e 2 griglie Gastronorm 1/1 incluse Fornito con protezione antivento.
Griglia superiore in acciaio per mantenere salse e cibo finito caldi.
Tubo del gas con connettore rapido al barbecue.
Tubo del gas e regolatore attaccati alla bombola per una migliore portabilita.
- Potenza: 14 Kw
<strong>Consegna e costi di spedizione da accordare salvo esaurimento scorta</strong>";"<strong>Griglia a gas Hendi nuova</strong>
Fornito con protezione antivento.
Griglia superiore in acciaio per mantenere salse e cibo finito caldi.
Tubo del gas con connettore rapido al barbecue.
Tubo del gas e regolatore attaccati alla bombola per una migliore portabilita.
Piastra smaltata in ghisa e 2 griglie Gastronorm 1/1 incluse Fornito con protezione antivento.
Griglia superiore in acciaio per mantenere salse e cibo finito caldi.
Tubo del gas con connettore rapido al barbecue.
Tubo del gas e regolatore attaccati alla bombola per una migliore portabilita.
- Potenza: 14 Kw
<strong>Consegna e costi di spedizione da accordare salvo esaurimento scorta</strong>";publish;;0;"2025-04-22 12:00:00";4163;open;0063CT3305;;;no;no;;1242.8;;;108;60;85;;;instock;no;no;;no;taxable;;;;;;'-1;'-1;;;"https://www.borz.it/wp-content/uploads/2025/04/0063CT3305-scaled.jpg ! alt :  ! title : 0063CT3305 ! desc :  ! caption :  | https://www.borz.it/wp-content/uploads/2025/04/0063CT3305_1-scaled.jpg ! alt :  ! title : 0063CT3305_1 ! desc :  ! caption : ";;https://www.borz.it/prodotto/griglia-a-gas-hendi-nuova/;0;;;;[];;;;[];;simple;;Occasioni;;;;Hendi;0|1|0
"Forno convezione gico usato";forno-convezione-gico-usato;;9843;"<strong>Forno convezione gico usato</strong>
- Alimentazione elettrica trifase
- Capacita 7 teglie
- Dim 90x89x89
- Potenza: 8 Kw
<strong>Consegna e costi di spedizione da accordare salvo esaurimento scorta</strong>";"<strong>Forno convezione gico usato</strong>
- Alimentazione elettrica trifase
- Capacita 7 teglie
- Dim 90x89x89
- Potenza: 8 Kw
<strong>Consegna e costi di spedizione da accordare salvo esaurimento scorta</strong>";publish;;0;"2025-04-02 12:58:10";4163;open;9843-1;;;no;no;;980;;;90;89;89;;;instock;no;no;;no;taxable;;;;;;'-1;'-1;;;"https://www.borz.it/wp-content/uploads/2025/04/9843-1-1-scaled-e1744122846897.jpeg ! alt :  ! title : 9843-1-1.jpeg ! desc :  ! caption : ";;https://www.borz.it/prodotto/forno-convezione-gico-usato/;0;;;;;;;;;;simple;;Occasioni;;;;GICO;0|1|0
"Pelapatate Pasquini sala demo";pelapatate-pasquini-sala-demo;;24707;"<strong>Pelapatate Pasquini sala demo</strong>
- Condizioni  Ottime
- In acciaio inox
- Capacita 10 kg
- Con cassetto e filtro
- Dim 35x40x90
- Potenza: 0.55 Kw
<strong>Consegna e costi di spedizione da accordare salvo esaurimento scorta</strong>";"<strong>Pelapatate Pasquini sala demo</strong>
- Condizioni  Ottime
- In acciaio inox
- Capacita 10 kg
- Con cassetto e filtro
- Dim 35x40x90
- Potenza: 0.55 Kw
<strong>Consegna e costi di spedizione da accordare salvo esaurimento scorta</strong>";publish;;0;"2024-03-19 12:00:00";4163;open;24707;;;no;no;;1270;;;35;40;90;;;instock;no;no;;no;taxable;;;;;;'-1;'-1;;;"https://www.borz.it/wp-content/uploads/2025/04/24707-1-scaled.jpg ! alt :  ! title : 24707-1.jpg ! desc :  ! caption :  | https://www.borz.it/wp-content/uploads/2025/04/24707_1-scaled.jpg ! alt :  ! title : 24707_1 ! desc :  ! caption : ";;https://www.borz.it/prodotto/pelapatate-pasquini-sala-demo/;0;;;;[];;;;[];;simple;;Occasioni;;;;Pasquini;0|1|0
"Impastatrice a spirale trifase usata";impastatrice-a-spirale-trifase-usata;;120424;"<strong>Impastatrice a spirale trifase usata</strong>
- Potenza: 750 W
- Peso: 65 kg
- Corrente Alternata: V400 350Hz
- Dim: 30x65x70
- Diametro: 40 cm
<strong>Consegna e costi di spedizione da accordare salvo esaurimento scorta</strong>";"<strong>Impastatrice a spirale trifase usata</strong>
- Potenza: 750 W
- Peso: 65 kg
- Corrente Alternata: V400 350Hz
- Dim: 30x65x70
- Diametro: 40 cm
<strong>Consegna e costi di spedizione da accordare salvo esaurimento scorta</strong>";publish;;0;"2025-04-30 12:00:00";4163;open;120424;;;no;no;;590;;;30;65;70;;;instock;no;no;;no;taxable;;;;;;'-1;'-1;;;"https://www.borz.it/wp-content/uploads/2025/04/120424-scaled.jpg ! alt :  ! title : 120424 ! desc :  ! caption :  | https://www.borz.it/wp-content/uploads/2025/04/120424_1-scaled.jpg ! alt :  ! title : 120424_1 ! desc :  ! caption : ";;https://www.borz.it/prodotto/impastatrice-a-spirale-trifase-usata/;0;;;;[];;;;[];;simple;;Occasioni;;;;"Moretti Forni";0|1|0
"Tritacarne/Grattugia 22 Fimar usato";tritacarne-grattugia-22-usato;;812773;"<strong>Tritacarne/Grattugia 22 Fimar usato</strong>
- Dim: 20x60x45
- Potenza: 0.75 Kw
- Peso: 23 Kg
<strong>Consegna e costi di spedizione da accordare salvo esaurimento scorta</strong>";"<strong>Tritacarne/Grattugia 22 Fimar usato</strong>
- Dim: 20x60x45
- Potenza: 0.75 Kw
- Peso: 23 Kg
<strong>Consegna e costi di spedizione da accordare salvo esaurimento scorta</strong>";publish;;0;"2025-04-30 12:00:00";4163;open;812773;;;no;no;;690;;;20;60;45;;;instock;no;no;;no;taxable;;;;;;'-1;'-1;;;"https://www.borz.it/wp-content/uploads/2025/05/812773-1-scaled.jpg ! alt :  ! title : 812773-1.jpg ! desc :  ! caption : ";;https://www.borz.it/prodotto/tritacarne-grattugia-22-usato/;0;;;;;;;;;;simple;;Occasioni;;;;Fimar;0|1|0
"Lavabicchieri Fast 30 DE elettrobar nuove esposizione";lavabicchieri-fast-30-de-elettrobar-nuove-esposizione;;917405;"<strong>Lavabicchieri Fast 30 DE elettrobar nuove esposizione</strong>

- Dimensione cestello 35x35
- Capacita 40 cesti all'ora
- Alimentazione elettrica monofase
- Potenza: 3.40 Kw
<strong>Consegna e costi di spedizione da accordare salvo esaurimento scorta</strong>";"<strong>Lavabicchieri Fast 30 DE elettrobar nuove esposizione</strong>

- Dimensione cestello 35x35
- Capacita 40 cesti all'ora
- Alimentazione elettrica monofase
- Potenza: 3.40 Kw
<strong>Consegna e costi di spedizione da accordare salvo esaurimento scorta</strong>";publish;;0;"2024-11-05 12:58:10";4163;open;917405;;;no;no;;1190;;;40;49;60;;;instock;no;no;;no;taxable;;;;;;'-1;'-1;;;"https://www.borz.it/wp-content/uploads/2024/11/917405-1-scaled.jpg ! alt :  ! title : 917405-1.jpg ! desc :  ! caption : ";;https://www.borz.it/prodotto/lavabicchieri-fast-30-de-elettrobar-nuove-esposizione/;0;;;;;;;;;;simple;;Occasioni;;;;Elettrobar;0|1|0
"Friggitrice elettrica 1 vasca usata";friggitrice-elettrica-1-vasca-usata;;2138075;"<strong>Friggitrice elettrica 1 vasca usata</strong>
- Cesto incluso 
- Dim 40x90x90
- Alimentazione elettrica trifase
- Su armadio chiuso da anta
- Potenza: 16.50 Kw
<strong>Consegna e costi di spedizione da accordare salvo esaurimento scorta</strong>";"<strong>Friggitrice elettrica 1 vasca usata</strong>
- Cesto incluso 
- Dim 40x90x90
- Alimentazione elettrica trifase
- Su armadio chiuso da anta
- Potenza: 16.50 Kw
<strong>Consegna e costi di spedizione da accordare salvo esaurimento scorta</strong>";publish;;0;"2025-04-21 12:00:00";4163;open;2138075;;;no;no;;990;;;40;90;90;;;instock;no;no;;no;taxable;;;;;;'-1;'-1;;;"https://www.borz.it/wp-content/uploads/2025/04/2138075-1-scaled.jpg ! alt :  ! title : 2138075-1.jpg ! desc :  ! caption :  | https://www.borz.it/wp-content/uploads/2025/04/2138075_1-scaled.jpg ! alt :  ! title : 2138075_1 ! desc :  ! caption : ";;https://www.borz.it/prodotto/friggitrice-elettrica-1-vasca-usata/;0;;;;[];;;;[];;simple;;Occasioni;;;;;0|1|0
"Lavastoviglie sottobanco serie UC-S Winterhalter nuova";lavastoviglie-sottobanco-serie-uc-s-winterhalter-nuova;;3189851;"<strong>Lavastoviglie sottobanco serie UC-S Winterhalter</strong>

- Incluso kit cestelli
- Dimensioni cestello 400x400 mm
- Voltaggio 380-415 V
- Potenza:  11.1 Kw
<strong>Consegna e costi di spedizione da accordare salvo esaurimento scorta</strong>";"<strong>Lavastoviglie sottobanco serie UC-S Winterhalter</strong>

- Incluso kit cestelli
- Dimensioni cestello 400x400 mm
- Voltaggio 380-415 V
- Potenza:  11.1 Kw
<strong>Consegna e costi di spedizione da accordare salvo esaurimento scorta</strong>";publish;;0;"2024-11-05 12:58:10";4163;open;3189851;;;no;no;;5970;;;70;46;60;;;instock;no;no;;no;taxable;;;;;;'-1;'-1;;;"https://www.borz.it/wp-content/uploads/2024/11/3189851-1-scaled.jpg ! alt :  ! title : 3189851-1.jpg ! desc :  ! caption : ";;https://www.borz.it/prodotto/lavastoviglie-sottobanco-serie-uc-s-winterhalter-nuova/;0;;;;;;;;;;simple;;Occasioni;;;;Winterhalter;0|1|0
"Lavastoviglie sottobanco serie UC-M Winterhalter nuova";lavastoviglie-sottobanco-serie-uc-m-winterhalter-nuova;;3212750;"<strong>Lavastoviglie sottobanco serie UC-M Winterhalter</strong>

- Incluso kit cestelli
- Dimensioni cestello 500x500 mm
- Voltaggio 380-415 V
- Potenza: 11.1 Kw
<strong>Consegna e costi di spedizione da accordare salvo esaurimento scorta</strong>";"<strong>Lavastoviglie sottobanco serie UC-M Winterhalter</strong>

- Incluso kit cestelli
- Dimensioni cestello 500x500 mm
- Voltaggio 380-415 V
- Potenza: 11.1 Kw
<strong>Consegna e costi di spedizione da accordare salvo esaurimento scorta</strong>";publish;;0;"2024-11-05 12:58:10";4163;open;3212750;;;no;no;;6090;;;70;60;60;;;instock;no;no;;no;taxable;;;;;;'-1;'-1;;;"https://www.borz.it/wp-content/uploads/2024/11/3212750-1-scaled.jpg ! alt :  ! title : 3212750-1.jpg ! desc :  ! caption : ";;https://www.borz.it/prodotto/lavastoviglie-sottobanco-serie-uc-m-winterhalter-nuova/;0;;;;;;;;;;simple;;Occasioni;;;;Winterhalter;0|1|0
"Sistema osmosi winterhalter AT-Excellence - M nuovo";sistema-osmosi-winterhalter-at-excellence-m-nuovo;;5019235;"<strong>Sistema osmosi winterhalter AT-Excellence - M nuovo</strong>
- Nuovo
- Dim 36x49x48
- Potenza: 0.45 - 0.67 Kw
<strong>Consegna e costi di spedizione da accordare salvo esaurimento scorta</strong>";"<strong>Sistema osmosi winterhalter AT-Excellence - M nuovo</strong>
- Nuovo
- Dim 36x49x48
- Potenza: 0.45 - 0.67 Kw
<strong>Consegna e costi di spedizione da accordare salvo esaurimento scorta</strong>";publish;;0;"2025-04-02 12:58:10";4163;open;5019235;;;no;no;;3015;;;36;49;48;;;instock;no;no;;no;taxable;;;;;;'-1;'-1;;;"https://www.borz.it/wp-content/uploads/2025/04/5019235-1-scaled.jpeg ! alt :  ! title : 5019235-1.jpeg ! desc :  ! caption : ";;https://www.borz.it/prodotto/sistema-osmosi-winterhalter-at-excellence-m-nuovo/;0;;;;;;;;;;simple;;Occasioni;;;;Winterhalter;0|1|0
"Asciugatrice elettrica Samsung 10 KG mod. DV431AEP";aaciugatrice-elettrica-samsung-10-kg-mod-dv431aep;;5616177;"Asciugatrice elettrica Samsung capacità 10 kg mod. DV431AEP.

Alimentazione elettrica monofase

Programmi di asciugatura selezionabili : 13

Capacità 10 kg

1200 giri

Nuovo

- Potenza:  4.5 - 5.5 Kw
<strong>Consegna e costi di spedizione da accordare salvo esaurimento scorta</strong>";"Asciugatrice elettrica Samsung capacità 10 kg mod. DV431AEP.

Alimentazione elettrica monofase

Programmi di asciugatura selezionabili : 13

Capacità 10 kg

1200 giri

Nuovo

- Potenza:  4.5 - 5.5 Kw
<strong>Consegna e costi di spedizione da accordare salvo esaurimento scorta</strong>";publish;;0;"2021-03-17 11:46:39";2;open;DV431AEP;;;no;no;;2600;;;;;;;;instock;no;no;;no;taxable;;;;;;'-1;'-1;;;"https://www.borz.it/wp-content/uploads/2021/03/d21acb8e-eeaa-479c-83dc-d9490843c189-2187-000001a7b6b9f40e_file-scaled.jpeg ! alt :  ! title : d21acb8e-eeaa-479c-83dc-d9490843c189-2187-000001a7b6b9f40e_file ! desc :  ! caption :  | https://www.borz.it/wp-content/uploads/2021/03/69593475-723d-4e49-b21b-f64729a4adfd-2187-000001a79ca8e513_file-scaled.jpeg ! alt :  ! title : 69593475-723d-4e49-b21b-f64729a4adfd-2187-000001a79ca8e513_file ! desc :  ! caption :  | https://www.borz.it/wp-content/uploads/2021/03/7a404663-1f84-4ade-bfae-33233d3f070a-2187-000001a787e722d4_file-scaled.jpeg ! alt :  ! title : 7a404663-1f84-4ade-bfae-33233d3f070a-2187-000001a787e722d4_file ! desc :  ! caption : ";;https://www.borz.it/prodotto/aaciugatrice-elettrica-samsung-10-kg-mod-dv431aep/;0;;;;[];;;;[];;simple;;"IN PRONTA CONSEGNA|Occasioni";;;;;0|1|0
"Carrello Inox Rational esposizione";carrello-inox-rational-esposizione;;6061047;"<strong>Carrello Inox Rational esposizione</strong>
- codici:
   - 60.61.047 (32 piatti) 
   - 60.60.020
- Per alloggiamento piatti
- Con ripiano
- Dim: 90x45x160 
<strong>Consegna e costi di spedizione da accordare salvo esaurimento scorta</strong>";"<strong>Carrello Inox Rational esposizione</strong>
- codici:
   - 60.61.047 (32 piatti) 
   - 60.60.020
- Per alloggiamento piatti
- Con ripiano
- Dim: 90x45x160 
<strong>Consegna e costi di spedizione da accordare salvo esaurimento scorta</strong>";publish;;0;"2025-04-30 12:00:00";4163;open;6061047-6060020;;;no;no;;590;;;90;45;160;;;instock;no;no;;no;taxable;;;;;;'-1;'-1;;;"https://www.borz.it/wp-content/uploads/2025/05/6061047-6060020.jpg ! alt :  ! title : 6061047-6060020 ! desc :  ! caption : ";;https://www.borz.it/prodotto/carrello-inox-rational-esposizione/;0;;;;;;;;;;simple;;Occasioni;;;;Rational;0|1|0
"Frytop a gas rigata usata";frytop-a-gas-rigata-usata;;10400340;"<strong>Frytop a gas rigata usata</strong>
- Alimentazione a gas 
- Su Armadio a giorno
- Dim 40x90x88
- Potenza: 7.3 Kw
<strong>Consegna e costi di spedizione da accordare salvo esaurimento scorta</strong>";"<strong>Frytop a gas rigata usata</strong>
- Alimentazione a gas 
- Su Armadio a giorno
- Dim 40x90x88
- Potenza: 7.3 Kw
<strong>Consegna e costi di spedizione da accordare salvo esaurimento scorta</strong>";publish;;0;"2025-04-21 12:00:00";4163;open;10400340;;;no;no;;930;;;40;90;88;;;instock;no;no;;no;taxable;;;;;;'-1;'-1;;;"https://www.borz.it/wp-content/uploads/2025/04/10400340-1-scaled.jpg ! alt :  ! title : 10400340-1.jpg ! desc :  ! caption :  | https://www.borz.it/wp-content/uploads/2025/04/10400340_1-scaled.jpg ! alt :  ! title : 10400340_1 ! desc :  ! caption : ";;https://www.borz.it/prodotto/frytop-a-gas-rigata-usata/;0;;;;[];;;;[];;simple;;Occasioni;;;;;0|1|0
"Forno a convezione/vapore Gico";forno-a-convezione-vapore-gico;;17904001;"<strong>Forno a convezione/vapore Gico</strong>
 - Alimentazione a gas + monofase 220 V
 - Capacita 5 teglie
 - Supporto non incluso
- Potenza: 19.5 Kw
<strong>Consegna e costi di spedizione da accordare salvo esaurimento scorta</strong>";"<strong>Forno a convezione/vapore Gico</strong>
 - Alimentazione a gas + monofase 220 V
 - Capacita 5 teglie
 - Supporto non incluso
- Potenza: 19.5 Kw
<strong>Consegna e costi di spedizione da accordare salvo esaurimento scorta</strong>";publish;;0;"2024-12-03 15:00:00";4163;open;17904001;;;no;no;;900;;;90;75;70;;;instock;no;no;;no;taxable;;;;;;'-1;'-1;;;"https://www.borz.it/wp-content/uploads/2024/12/17904001.jpg ! alt :  ! title : 17904001 ! desc :  ! caption : ";;https://www.borz.it/prodotto/forno-a-convezione-vapore-gico/;0;;;;;;;;;;simple;;Occasioni;;;;;0|1|0
"Cutter sirman C4W";cutter-sirman-c4w;;40800502;"<strong>Cutter sirman C4W</strong>
- Alimentazione elettrica monofase
- Potenza 600 w
- Variatore velocita
- Dim 35x18x25
- Potenza: 0.6 Kw
<strong>Consegna e costi di spedizione da accordare salvo esaurimento scorta</strong>";"<strong>Cutter sirman C4W</strong>
- Alimentazione elettrica monofase
- Potenza 600 w
- Variatore velocita
- Dim 35x18x25
- Potenza: 0.6 Kw
<strong>Consegna e costi di spedizione da accordare salvo esaurimento scorta</strong>";publish;;0;"2025-04-02 12:58:10";4163;open;40800502P;;;no;no;;804;;;35;18;25;;;instock;no;no;;no;taxable;;;;;;'-1;'-1;;;"https://www.borz.it/wp-content/uploads/2025/04/40800502P-1-scaled.jpeg ! alt :  ! title : 40800502P-1.jpeg ! desc :  ! caption : ";;https://www.borz.it/prodotto/cutter-sirman-c4w/;0;;;;;;;;;;simple;;Occasioni;;;;Sirman;0|1|0
"Lavello con piano in acciaio de Manincor usato";lavello-con-piano-in-acciaio-de-manincor-usato;;100010102;"<strong>Lavello con piano in acciaio de Manincor usato</strong>
- Con ripiano di fondo
- Incluso miscelatore a leva clinica
- Doppia Vasca
- Gocciolatoio a sinistra
- Dim: 200x70x85 cm
<strong>Consegna e costi di spedizione da accordare salvo esaurimento scorta</strong>";"<strong>Lavello con piano in acciaio de Manincor usato</strong>
- Con ripiano di fondo
- Incluso miscelatore a leva clinica
- Doppia Vasca
- Gocciolatoio a sinistra
- Dim: 200x70x85 cm
<strong>Consegna e costi di spedizione da accordare salvo esaurimento scorta</strong>";publish;;0;"2024-03-19 12:00:00";4163;open;100010102;;;no;no;;295;;;200;70;85;;;instock;no;no;;no;taxable;;;;;;'-1;'-1;;;"https://www.borz.it/wp-content/uploads/2025/03/100010102.jpg ! alt :  ! title : 100010102 ! desc :  ! caption :  | https://www.borz.it/wp-content/uploads/2025/03/100010102-1.jpg ! alt :  ! title : 100010102-1 ! desc :  ! caption : ";;https://www.borz.it/prodotto/lavello-con-piano-in-acciaio-de-manincor-usato/;0;;;;[];;;;[];;simple;;Occasioni;;;;"de Manincor";0|1|0
"Forno a convezione/vapore Rational self cooking center 101 G usato";forno-a-convezione-vapore-rational-self-cooking-center-101-g-usato;;100010103;"<strong>Forno a convezione/vapore Rational self cooking center 101 G usato</strong>
- Capacita 10 teglie GN 1/1
- Alimentazione a metano
- Lavaggio automatico
- Ottime condizioni
- Dim: 85x80x103 cm
- Potenza: 0.39 Kw
<strong>Consegna e costi di spedizione da accordare salvo esaurimento scorta</strong>";"<strong>Forno a convezione/vapore Rational self cooking center 101 G usato</strong>
- Capacita 10 teglie GN 1/1
- Alimentazione a metano
- Lavaggio automatico
- Ottime condizioni
- Dim: 85x80x103 cm
- Potenza: 0.39 Kw
<strong>Consegna e costi di spedizione da accordare salvo esaurimento scorta</strong>";publish;;0;"2024-03-19 12:00:00";4163;open;100010103;;;no;no;;3150;;;85;80;103;;;instock;no;no;;no;taxable;;;;;;'-1;'-1;;;"https://www.borz.it/wp-content/uploads/2025/03/100010103.jpg ! alt :  ! title : 100010103 ! desc :  ! caption :  | https://www.borz.it/wp-content/uploads/2025/03/100010103-1.jpg ! alt :  ! title : 100010103-1 ! desc :  ! caption : ";;https://www.borz.it/prodotto/forno-a-convezione-vapore-rational-self-cooking-center-101-g-usato/;0;;;;[];;;;[];;simple;;Occasioni;;;;Rational;0|1|0
"Abbattitore Coldline usato VISION";abbattitore-coldline-usato-vision;;100010105;"<strong>Abbattitore Coldline usato VISION</strong>
- Abbattimento positivo e negativo
- Motore incorporato
- Dim 78x80x160
- Potenza: 5.211 Kw
<strong>Consegna e costi di spedizione da accordare salvo esaurimento scorta</strong>";"<strong>Abbattitore Coldline usato VISION</strong>
- Abbattimento positivo e negativo
- Motore incorporato
- Dim 78x80x160
- Potenza: 5.211 Kw
<strong>Consegna e costi di spedizione da accordare salvo esaurimento scorta</strong>";publish;;0;"2024-03-19 12:00:00";4163;open;100010105;;;no;no;;1990;;;78;80;160;;;instock;no;no;;no;taxable;;;;;;'-1;'-1;;;"https://www.borz.it/wp-content/uploads/2025/03/100010105.jpg ! alt :  ! title : 100010105 ! desc :  ! caption :  | https://www.borz.it/wp-content/uploads/2025/03/100010105-1.jpg ! alt :  ! title : 100010105-1 ! desc :  ! caption : ";;https://www.borz.it/prodotto/abbattitore-coldline-usato-vision/;0;;;;[];;;;[];;simple;;Occasioni;;;;Coldline;0|1|0
"Macchina Formatrice pizze usata OEM";macchina-formatrice-pizze-usata-oem;;100010106;"<strong>Macchina Formatrice pizze usata OEM</strong>
- Alimentazione elettrica trifase
- Condizioni: Da revisionare
- Dim: 75x75x135
- Potenza: 0.02 Kw
<strong>Consegna e costi di spedizione da accordare salvo esaurimento scorta</strong>";"<strong>Macchina Formatrice pizze usata OEM</strong>
- Alimentazione elettrica trifase
- Condizioni: Da revisionare
- Dim: 75x75x135
- Potenza: 0.02 Kw
<strong>Consegna e costi di spedizione da accordare salvo esaurimento scorta</strong>";publish;;0;"2024-03-19 12:00:00";4163;open;100010106;;;no;no;;550;;;75;75;135;;;instock;no;no;;no;taxable;;;;;;'-1;'-1;;;"https://www.borz.it/wp-content/uploads/2025/03/100010106.png ! alt :  ! title : 100010106 ! desc :  ! caption :  | https://www.borz.it/wp-content/uploads/2025/03/100010106-1.jpg ! alt :  ! title : 100010106-1 ! desc :  ! caption : ";;https://www.borz.it/prodotto/macchina-formatrice-pizze-usata-oem/;0;;;;[];;;;[];;simple;;Occasioni;;;;OEM;0|1|0
"Forno convezione usato unox 10 teglie";forno-convezione-usato-unox-10-teglie;;100010107;"<strong>Forno convezione usato unox 10 teglie</strong>
- Alimentazione a gas
- Alimentazione pannello elettrico monofase
- condizioni: ottime
- Dim 75x72x95
- Potenza: 0.92 Kw
<strong>Consegna e costi di spedizione da accordare salvo esaurimento scorta</strong>";"<strong>Forno convezione usato unox 10 teglie</strong>
- Alimentazione a gas
- Alimentazione pannello elettrico monofase
- condizioni: ottime
- Dim 75x72x95
- Potenza: 0.92 Kw
<strong>Consegna e costi di spedizione da accordare salvo esaurimento scorta</strong>";publish;;0;"2024-03-19 12:00:00";4163;open;100010107;;;no;no;;3000;;;75;72;95;;;instock;no;no;;no;taxable;;;;;;'-1;'-1;;;"https://www.borz.it/wp-content/uploads/2025/03/100010107.jpg ! alt :  ! title : 100010107 ! desc :  ! caption :  | https://www.borz.it/wp-content/uploads/2025/03/100010107-1.jpg ! alt :  ! title : 100010107-1 ! desc :  ! caption : ";;https://www.borz.it/prodotto/forno-convezione-usato-unox-10-teglie/;0;;;;[];;;;[];;simple;;Occasioni;;;;Unox;0|1|0
"Armadio refrigerato usato 400 lt Zanussi";armadio-refrigerato-usato-400-lt-zanussi;;100010108;"<strong>Armadio refrigerato usato 400 lt Zanussi</strong>
- Capacita 400 lt
- Temperatura positiva
- Buone condizioni
- Dim 70x61x170
- Potenza: 0.125 Kw
<strong>Consegna e costi di spedizione da accordare salvo esaurimento scorta</strong>";"<strong>Armadio refrigerato usato 400 lt Zanussi</strong>
- Capacita 400 lt
- Temperatura positiva
- Buone condizioni
- Dim 70x61x170
- Potenza: 0.125 Kw
<strong>Consegna e costi di spedizione da accordare salvo esaurimento scorta</strong>";publish;;0;"2024-03-19 12:00:00";4163;open;100010108;;;no;no;;590;;;70;61;170;;;instock;no;no;;no;taxable;;;;;;'-1;'-1;;;"https://www.borz.it/wp-content/uploads/2025/03/100010108.jpg ! alt :  ! title : 100010108 ! desc :  ! caption :  | https://www.borz.it/wp-content/uploads/2025/03/100010108-1.jpg ! alt :  ! title : 100010108-1 ! desc :  ! caption : ";;https://www.borz.it/prodotto/armadio-refrigerato-usato-400-lt-zanussi/;0;;;;[];;;;[];;simple;;Occasioni;;;;Zanussi;0|1|0
"Armadio caldo usato";armadio-caldo-usato;;100102017;"<strong>Armadio caldo</strong>

- In acciaio inox
- Alimentazioneelettrica monofase
- Con ripiano
<strong>Consegna e costi di spedizione da accordare salvo esaurimento scorta</strong>";"<strong>Armadio caldo</strong>

- In acciaio inox
- Alimentazioneelettrica monofase
- Con ripiano
<strong>Consegna e costi di spedizione da accordare salvo esaurimento scorta</strong>";publish;;0;"2024-11-12 15:50:05";4163;open;100102017;;;no;no;;490;;;90;55;70;;;instock;no;no;;no;taxable;;;;;;'-1;'-1;;;"https://www.borz.it/wp-content/uploads/2024/11/100102017-1-scaled.jpg ! alt :  ! title : 100102017-1.jpg ! desc :  ! caption : ";;https://www.borz.it/prodotto/armadio-caldo-usato/;0;;;;;;;;;;simple;;Occasioni;;;;Offcar;0|1|0
"Piastra Frytop a gas GICO 80/90 usata";piastra-frytop-a-gas-gico-80-90-usata;;100190017;"<strong>Piastra Frytop a gas GICO 80/90</strong>

- 1/2 liscia + 1/2 rigata
- Alimentazione a gas 
- 2 zone indipendenti
- Su armadio a giorno
<strong>Consegna e costi di spedizione da accordare salvo esaurimento scorta</strong>";"<strong>Piastra Frytop a gas GICO 80/90</strong>

- 1/2 liscia + 1/2 rigata
- Alimentazione a gas 
- 2 zone indipendenti
- Su armadio a giorno
<strong>Consegna e costi di spedizione da accordare salvo esaurimento scorta</strong>";publish;;0;"2024-11-12 15:50:07";4163;open;100190017;;;no;no;;1750;;;80;90;90;;;instock;no;no;;no;taxable;;;;;;'-1;'-1;;;"https://www.borz.it/wp-content/uploads/2024/11/100190017-1-scaled.jpg ! alt :  ! title : 100190017-1.jpg ! desc :  ! caption : ";;https://www.borz.it/prodotto/piastra-frytop-a-gas-gico-80-90-usata/;0;;;;;;;;;;simple;;Occasioni;;;;Gico;0|1|0
"Abbattitore di temperatura usato mod. Coldline";abbattitore-di-temperatura-usato-mod-coldline;;111815503;"<strong>Abbattitore di temperatura usato mod. Coldline</strong>
- Abbattimento positivo e negativo
- Capacita 5 teglie GN 1/1
- Alimentazione elettrica monofase
- Dim 75x70x89
- Potenza: 0.886 Kw
<strong>Consegna e costi di spedizione da accordare salvo esaurimento scorta</strong>";"<strong>Abbattitore di temperatura usato mod. Coldline</strong>
- Abbattimento positivo e negativo
- Capacita 5 teglie GN 1/1
- Alimentazione elettrica monofase
- Dim 75x70x89
- Potenza: 0.886 Kw
<strong>Consegna e costi di spedizione da accordare salvo esaurimento scorta</strong>";publish;;0;"2025-04-02 12:58:10";4163;open;111815503;;;no;no;;1985;;;75;70;89;;;instock;no;no;;no;taxable;;;;;;'-1;'-1;;;"https://www.borz.it/wp-content/uploads/2025/04/111815503-1-scaled.jpeg ! alt :  ! title : 111815503-1.jpeg ! desc :  ! caption : ";;https://www.borz.it/prodotto/abbattitore-di-temperatura-usato-mod-coldline/;0;;;;;;;;;;simple;;Occasioni;;;;Coldline;0|1|0
"Forno pizza elettrico 2 camere OEM";forno-pizza-elettrico-2-camere-oem;;200211304;"<strong>Forno pizza elettrico 2 camere OEM</strong>
 - Alimentazione trifase
 - Comandi indipendenti
 - Supporto incluso
- Potenza: 15.6 Kw
<strong>Consegna e costi di spedizione da accordare salvo esaurimento scorta</strong>";"<strong>Forno pizza elettrico 2 camere OEM</strong>
 - Alimentazione trifase
 - Comandi indipendenti
 - Supporto incluso
- Potenza: 15.6 Kw
<strong>Consegna e costi di spedizione da accordare salvo esaurimento scorta</strong>";publish;;0;"2024-12-03 15:00:00";4163;open;200211304;;;no;no;;850;;;138;85;150;;;instock;no;no;;no;taxable;;;;;;'-1;'-1;;;"https://www.borz.it/wp-content/uploads/2024/12/200211304.jpg ! alt :  ! title : 200211304 ! desc :  ! caption : ";;https://www.borz.it/prodotto/forno-pizza-elettrico-2-camere-oem/;0;;;;;;;;;;simple;;Occasioni;;;;;0|1|0
"Carrello Inox Portateglie sala espositiva";carrello-inox-portateglie-sala-espositiva;;210104101;"<strong>Carrello Inox Portateglie sala espositiva</strong>
- A 3 scomparti
- 10 teglie x scomparto
- Dim 110x55x175
<strong>Consegna e costi di spedizione da accordare salvo esaurimento scorta</strong>";"<strong>Carrello Inox Portateglie sala espositiva</strong>
- A 3 scomparti
- 10 teglie x scomparto
- Dim 110x55x175
<strong>Consegna e costi di spedizione da accordare salvo esaurimento scorta</strong>";publish;;0;"2025-04-30 12:00:00";4163;open;210104101;;;no;no;;395;;;110;55;175;;;instock;no;no;;no;taxable;;;;;;'-1;'-1;;;"https://www.borz.it/wp-content/uploads/2025/04/210104101-scaled.jpg ! alt :  ! title : 210104101 ! desc :  ! caption :  | https://www.borz.it/wp-content/uploads/2025/04/210104101_1-scaled.jpg ! alt :  ! title : 210104101_1 ! desc :  ! caption : ";;https://www.borz.it/prodotto/carrello-inox-portateglie-sala-espositiva/;0;;;;[];;;;[];;simple;;Occasioni;;;;;0|1|0
"Modulo refrigerato sala demo Amitek";modulo-refrigerato-sala-demo-amitek;;402490026;"<strong>Modulo refrigerato sala demo Amitek</strong>
- Capacita 200 LT
- Potenza 100 Watt
- Voltaggio 230/1N/50Hz
- Gas/Refrigerant R600a
- Temp -2 + 8
- Peso 44kg
<strong>Consegna e costi di spedizione da accordare salvo esaurimento scorta</strong>";"<strong>Modulo refrigerato sala demo Amitek</strong>
- Capacita 200 LT
- Potenza 100 Watt
- Voltaggio 230/1N/50Hz
- Gas/Refrigerant R600a
- Temp -2 + 8
- Peso 44kg
<strong>Consegna e costi di spedizione da accordare salvo esaurimento scorta</strong>";publish;;0;"2025-04-22 12:00:00";4163;open;402490026;;;no;no;;680;;44;60;60;85;;;instock;no;no;;no;taxable;;;;;;'-1;'-1;;;"https://www.borz.it/wp-content/uploads/2025/04/402490026-1-scaled.jpg ! alt :  ! title : 402490026-1.jpg ! desc :  ! caption :  | https://www.borz.it/wp-content/uploads/2025/04/402490026_1-scaled.jpg ! alt :  ! title : 402490026_1 ! desc :  ! caption : ";;https://www.borz.it/prodotto/modulo-refrigerato-sala-demo-amitek/;0;;;;[];;;;[];;simple;;Occasioni;;;;Amitek;0|1|0
"Armadio refrigerato basso con porta a vetro mod. 200 LT nuovo";armadio-refrigerato-basso-con-porta-a-vetro-mod-200-lt-nuovo;;403070032;"<strong>Armadio refrigerato basso con porta a vetro mod. 200 LT  nuovo</strong>
- Temperatura Esercizio: -10 -25
- Dim 60x60x85
- Potenza: 0.270 Kw
<strong>Consegna e costi di spedizione da accordare salvo esaurimento scorta</strong>";"<strong>Armadio refrigerato basso con porta a vetro mod. 200 LT  nuovo</strong>
- Temperatura Esercizio: -10 -25
- Dim 60x60x85
- Potenza: 0.270 Kw
<strong>Consegna e costi di spedizione da accordare salvo esaurimento scorta</strong>";publish;;0;"2025-04-02 12:58:10";4163;open;403070032;;;no;no;;598;;;60;60;85;;;instock;no;no;;no;taxable;;;;;;'-1;'-1;;;"https://www.borz.it/wp-content/uploads/2025/04/403070032-1-scaled.jpeg ! alt :  ! title : 403070032-1.jpeg ! desc :  ! caption : ";;https://www.borz.it/prodotto/armadio-refrigerato-basso-con-porta-a-vetro-mod-200-lt-nuovo/;0;;;;;;;;;;simple;;Occasioni;;;;Amitek;0|1|0
"Abbattitore di temperatura inox usato";abbattitore-di-temperatura-inox-usato;;698010350;"<strong>Abbattitore di temperatura inox </strong>

- Capacita 5 teglie GN 1/1
- Alimentazione elettrica monofase
- Revisionato
- Con Sonda
- Abbattimento positivo e negativo
- Potenza: 1.1 Kw
<strong>Consegna e costi di spedizione da accordare salvo esaurimento scorta</strong>";"<strong>Abbattitore di temperatura inox </strong>

- Capacita 5 teglie GN 1/1
- Alimentazione elettrica monofase
- Revisionato
- Con Sonda
- Abbattimento positivo e negativo
- Potenza: 1.1 Kw
<strong>Consegna e costi di spedizione da accordare salvo esaurimento scorta</strong>";publish;;0;"2024-11-12 15:49:57";4163;open;698010350;;;no;no;;2190;;;84;71;70;;;instock;no;no;;no;taxable;;;;;;'-1;'-1;;;"https://www.borz.it/wp-content/uploads/2024/11/698010350-1-scaled.jpg ! alt :  ! title : 698010350-1.jpg ! desc :  ! caption : ";;https://www.borz.it/prodotto/abbattitore-di-temperatura-inox-usato/;0;;;;;;;;;;simple;;Occasioni;;;;Irinox;0|1|0
"Armadio refrigerato Tecnodom usato doppio vano indipendente";armadio-refrigerato-tecnodom-usato-doppio-vano-indipendente;;3248694386;"<strong>Armadio refrigerato Tecnodom usato doppio vano indipendente</strong>
- Su piedini regolabile
- 2 vani separati positivi
<strong>Consegna e costi di spedizione da accordare salvo esaurimento scorta</strong>";"<strong>Armadio refrigerato Tecnodom usato doppio vano indipendente</strong>
- Su piedini regolabile
- 2 vani separati positivi
<strong>Consegna e costi di spedizione da accordare salvo esaurimento scorta</strong>";publish;;0;"2024-11-05 12:58:10";4163;open;3248694386;;;no;no;;1590;;;70;79;191;;;instock;no;no;;no;taxable;;;;;;'-1;'-1;;;"https://www.borz.it/wp-content/uploads/2024/11/3248694386.jpg ! alt :  ! title : 3248694386 ! desc :  ! caption : ";;https://www.borz.it/prodotto/armadio-refrigerato-tecnodom-usato-doppio-vano-indipendente/;0;;;;;;;;;;simple;;Occasioni;;;;Tecnodom;0|1|0
"Vetrina buffet refrigerata usata";vetrina-buffet-refrigerata-usata;;3248694387;"<strong>Vetrina buffet refrigerata usata</strong>
- Carrellata su ruote con freno stazionamento
- Temperatura positiva
- Vano a giorno sottostante
- Potenza: 1.5 Kw
<strong>Consegna e costi di spedizione da accordare salvo esaurimento scorta</strong>";"<strong>Vetrina buffet refrigerata usata</strong>
- Carrellata su ruote con freno stazionamento
- Temperatura positiva
- Vano a giorno sottostante
- Potenza: 1.5 Kw
<strong>Consegna e costi di spedizione da accordare salvo esaurimento scorta</strong>";publish;;0;"2024-11-05 12:58:10";4163;open;3248694387;;;no;no;;490;;;138;70;136;;;instock;no;no;;no;taxable;;;;;;'-1;'-1;;;"https://www.borz.it/wp-content/uploads/2024/11/3248694387-scaled.jpg ! alt :  ! title : 3248694387 ! desc :  ! caption : ";;https://www.borz.it/prodotto/vetrina-buffet-refrigerata-usata/;0;;;;;;;;;;simple;;Occasioni;;;;;0|1|0
"Abbattitore di temperatura usato mod. Baron";abbattitore-di-temperatura-usato-mod-baron;;8016212100;"<strong>Abbattitore di temperatura usato mod. Baron</strong>
- Abbattimento in temperatura positiva
- Capacita 10 Teglie
- Alimentazione elettrica Monofase
- Dim 75x80x142
- Potenza: 3.302 Kw
<strong>Consegna e costi di spedizione da accordare salvo esaurimento scorta</strong>";"<strong>Abbattitore di temperatura usato mod. Baron</strong>
- Abbattimento in temperatura positiva
- Capacita 10 Teglie
- Alimentazione elettrica Monofase
- Dim 75x80x142
- Potenza: 3.302 Kw
<strong>Consegna e costi di spedizione da accordare salvo esaurimento scorta</strong>";publish;;0;"2025-04-02 12:58:10";4163;open;8016212100;;;no;no;;1295;;;75;80;142;;;instock;no;no;;no;taxable;;;;;;'-1;'-1;;;"https://www.borz.it/wp-content/uploads/2025/04/8016212100-1-scaled.jpeg ! alt :  ! title : 8016212100-1.jpeg ! desc :  ! caption : ";;https://www.borz.it/prodotto/abbattitore-di-temperatura-usato-mod-baron/;0;;;;;;;;;;simple;;Occasioni;;;;Baron;0|1|0
"Friggitrice doppia Modular elettrica usata";friggitrice-doppia-modular-elettrica-usata;;201906280002;"<strong>Friggitrice doppia Modular elettrica usata</strong>
- Doppia vasca
- Inclusi 2 cestelli con coperchio
- Alimentazione trifase
- Dim 70x70x87
<strong>Consegna e costi di spedizione da accordare salvo esaurimento scorta</strong>";"<strong>Friggitrice doppia Modular elettrica usata</strong>
- Doppia vasca
- Inclusi 2 cestelli con coperchio
- Alimentazione trifase
- Dim 70x70x87
<strong>Consegna e costi di spedizione da accordare salvo esaurimento scorta</strong>";publish;;0;"2025-04-21 12:00:00";4163;open;201906280002;;;no;no;;1520;;;70;70;87;;;instock;no;no;;no;taxable;;;;;;'-1;'-1;;;"https://www.borz.it/wp-content/uploads/2025/04/201906280002-1-scaled.jpg ! alt :  ! title : 201906280002-1.jpg ! desc :  ! caption :  | https://www.borz.it/wp-content/uploads/2025/04/201906280002_1-scaled.jpg ! alt :  ! title : 201906280002_1 ! desc :  ! caption : ";;https://www.borz.it/prodotto/friggitrice-doppia-modular-elettrica-usata/;0;;;;[];;;;[];;simple;;Occasioni;;;;Modular;0|1|0
"Friggitrice doppia Modular usata";friggitrice-doppia-modular-usata-2;;2021062100011;"<strong>Friggitrice doppia Modular usata</strong>
- Alimentazione elettrica trifase
- 2 vasche
- Inclusi cestelli
<strong>Consegna e costi di spedizione da accordare salvo esaurimento scorta</strong>";"<strong>Friggitrice doppia Modular usata</strong>
- Alimentazione elettrica trifase
- 2 vasche
- Inclusi cestelli
<strong>Consegna e costi di spedizione da accordare salvo esaurimento scorta</strong>";publish;;0;"2024-11-05 12:58:10";4163;open;2021062100011;;;no;no;;3950;;;80;90;72;;;instock;no;no;;no;taxable;;;;;;'-1;'-1;;;"https://www.borz.it/wp-content/uploads/2024/11/2021062100011-scaled.jpg ! alt :  ! title : 2021062100011 ! desc :  ! caption : ";;https://www.borz.it/prodotto/friggitrice-doppia-modular-usata-2/;0;;;;[];;;;[];;simple;;Occasioni;;;;Modular;0|1|0
"Armadio refrigerato positivo Studio 54 Nuovo";armadio-refrigerato-positivo-studio-54-nuovo;;8058339386195;"<strong>Armadio refrigerato positivo Studio 54 Nuovo</strong>

- Capacita 700 LT
- Temperatura Esercizio -2/+8 C
- Potenza: 0.180 Kw
<strong>Consegna e costi di spedizione da accordare salvo esaurimento scorta</strong>";"<strong>Armadio refrigerato positivo Studio 54 Nuovo</strong>

- Capacita 700 LT
- Temperatura Esercizio -2/+8 C
- Potenza: 0.180 Kw
<strong>Consegna e costi di spedizione da accordare salvo esaurimento scorta</strong>";publish;;0;"2024-11-05 12:58:10";4163;open;5179701;;;no;no;;2490;;;73;84;209;;;instock;no;no;;no;taxable;;;;;;'-1;'-1;;;"https://www.borz.it/wp-content/uploads/2024/11/5179701-1-scaled.jpg ! alt :  ! title : 5179701-1.jpg ! desc :  ! caption : ";;https://www.borz.it/prodotto/armadio-refrigerato-positivo-studio-54-nuovo/;0;;;;;;;;;;simple;;Occasioni;;;;"Studio 54";0|1|0
"Armadio refrigerato positivo Studio 54 Nuovo";armadio-refrigerato-positivo-studio-54-nuovo-2;;8058339386196;"<strong>Armadio refrigerato positivo Studio 54 Nuovo</strong>

- Capacita 700 LT
- Temperatura Esercizio -2/+8 C
- Potenza:  0.180 Kw
<strong>Consegna e costi di spedizione da accordare salvo esaurimento scorta</strong>";"<strong>Armadio refrigerato positivo Studio 54 Nuovo</strong>

- Capacita 700 LT
- Temperatura Esercizio -2/+8 C
- Potenza:  0.180 Kw
<strong>Consegna e costi di spedizione da accordare salvo esaurimento scorta</strong>";publish;;0;"2024-11-05 12:58:10";4163;open;5179700;;;no;no;;2490;;;73;84;209;;;instock;no;no;;no;taxable;;;;;;'-1;'-1;;;"https://www.borz.it/wp-content/uploads/2024/11/5179700-1-scaled.jpg ! alt :  ! title : 5179700-1.jpg ! desc :  ! caption : ";;https://www.borz.it/prodotto/armadio-refrigerato-positivo-studio-54-nuovo-2/;0;;;;;;;;;;simple;;Occasioni;;;;"Studio 54";0|1|0
"Armadio refrigerato positivo Studio 54 Nuovo";armadio-refrigerato-positivo-studio-54-nuovo-3;;8058339386197;"<strong>Armadio refrigerato positivo Studio 54 Nuovo</strong>

- Capacita 700 LT
- Temperatura Esercizio -2/+8 C
- Potenza:  0.180 Kw
<strong>Consegna e costi di spedizione da accordare salvo esaurimento scorta</strong>";"<strong>Armadio refrigerato positivo Studio 54 Nuovo</strong>

- Capacita 700 LT
- Temperatura Esercizio -2/+8 C
- Potenza:  0.180 Kw
<strong>Consegna e costi di spedizione da accordare salvo esaurimento scorta</strong>";publish;;0;"2024-11-05 12:58:10";4163;open;5163159;;;no;no;;2490;;;73;84;209;;;instock;no;no;;no;taxable;;;;;;'-1;'-1;;;"https://www.borz.it/wp-content/uploads/2024/11/5163159-1-scaled.jpg ! alt :  ! title : 5163159-1.jpg ! desc :  ! caption : ";;https://www.borz.it/prodotto/armadio-refrigerato-positivo-studio-54-nuovo-3/;0;;;;;;;;;;simple;;Occasioni;;;;"Studio 54";0|1|0
"Armadio refrigerato positivo Mondial Nuovo Masterchef 700";armadio-refrigerato-positivo-mondial-nuovo-masterchef-700;;8058339386198;"<strong>Armadio refrigerato positivo Mondial Nuovo Masterchef 700</strong>

- In acciaio inox
- Capacita 700 LT
- Temperatura positiva
- Potenza:  0.210 Kw
<strong>Consegna e costi di spedizione da accordare salvo esaurimento scorta</strong>";"<strong>Armadio refrigerato positivo Mondial Nuovo Masterchef 700</strong>

- In acciaio inox
- Capacita 700 LT
- Temperatura positiva
- Potenza:  0.210 Kw
<strong>Consegna e costi di spedizione da accordare salvo esaurimento scorta</strong>";publish;;0;"2024-11-05 12:58:10";4163;open;TRIO22100;;;no;no;;1900;;;195;69;81;;;instock;no;no;;no;taxable;;;;;;'-1;'-1;;;"https://www.borz.it/wp-content/uploads/2024/11/TRIO22100-1-scaled.jpg ! alt :  ! title : TRIO22100-1.jpg ! desc :  ! caption : ";;https://www.borz.it/prodotto/armadio-refrigerato-positivo-mondial-nuovo-masterchef-700/;0;;;;;;;;;;simple;;Occasioni;;;;Mondial;0|1|0
"Vetrina vini Mondial Vinum ns.esposizione";vetrina-vini-mondial-vinum-ns-esposizione;;8058339386201;"<strong>Vetrina vini Mondial Vinum ns.esposizione</strong>

- Monotemperatura 
- Positiva
- Capacita 400 LT
- Potenza: 0.25 Kw
<strong>Consegna e costi di spedizione da accordare salvo esaurimento scorta</strong>";"<strong>Vetrina vini Mondial Vinum ns.esposizione</strong>

- Monotemperatura 
- Positiva
- Capacita 400 LT
- Potenza: 0.25 Kw
<strong>Consegna e costi di spedizione da accordare salvo esaurimento scorta</strong>";publish;;0;"2024-11-05 12:58:10";4163;open;EBA581100;;;no;no;;1490;;;60;60;180;;;instock;no;no;;no;taxable;;;;;;'-1;'-1;;;"https://www.borz.it/wp-content/uploads/2024/11/EBA581100-1-scaled.jpg ! alt :  ! title : EBA581100-1.jpg ! desc :  ! caption : ";;https://www.borz.it/prodotto/vetrina-vini-mondial-vinum-ns-esposizione/;0;;;;;;;;;;simple;;Occasioni;;;;Mondial;0|1|0
"Vetrina con 2 porte scorrevoli";vetrina-con-2-porte-scorrevoli;;8058339386204;"<strong>Vetrina con 2 porte scorrevoli</strong>

- Lt netti 201
- Temperatura + 1/10 C 
- Colore: Black
- Potenza: 0.23 Kw
<strong>Consegna e costi di spedizione da accordare salvo esaurimento scorta</strong>";"<strong>Vetrina con 2 porte scorrevoli</strong>

- Lt netti 201
- Temperatura + 1/10 C 
- Colore: Black
- Potenza: 0.23 Kw
<strong>Consegna e costi di spedizione da accordare salvo esaurimento scorta</strong>";publish;;0;"2024-11-05 12:58:10";4163;open;BKB200;;;no;no;;1195;;;90;52;90;;;instock;no;no;;no;taxable;;;;;;'-1;'-1;;;"https://www.borz.it/wp-content/uploads/2024/11/BKB200-1-scaled.jpg ! alt :  ! title : BKB200-1.jpg ! desc :  ! caption : ";;https://www.borz.it/prodotto/vetrina-con-2-porte-scorrevoli/;0;;;;;;;;;;simple;;Occasioni;;;;;0|1|0
"Lavastoviglie a capote river 83 CDE usata d'occasione";lavastoviglie-a-capote-river-83-cde-usata-doccasione;;8058339386251;"<strong>Lavastoviglie a capote river 83 CDE usata d'occasione</strong>

- Alimentazione elettrica trifase
- Cesto 50x50
- Pompa scarico parziale
- Capacita vasca 53x53 cm
- Potenza: 10.20 Kw
<strong>Consegna e costi di spedizione da accordare salvo esaurimento scorta</strong>";"<strong>Lavastoviglie a capote river 83 CDE usata d'occasione</strong>

- Alimentazione elettrica trifase
- Cesto 50x50
- Pompa scarico parziale
- Capacita vasca 53x53 cm
- Potenza: 10.20 Kw
<strong>Consegna e costi di spedizione da accordare salvo esaurimento scorta</strong>";publish;;0;"2024-11-05 12:58:10";4163;open;RV833CDD;;;no;no;;3950;;;63.3;75.5;156.5;;;instock;no;no;;no;taxable;;;;;;'-1;'-1;;;"https://www.borz.it/wp-content/uploads/2024/11/RV833CDD-1-scaled.jpg ! alt :  ! title : RV833CDD-1.jpg ! desc :  ! caption : ";;https://www.borz.it/prodotto/lavastoviglie-a-capote-river-83-cde-usata-doccasione/;0;;;;;;;;;;simple;;Occasioni;;;;Elettrobar;0|1|0
"Lavastoviglie sottobanco Krupps nuova, esposizione";lavastoviglie-sottobanco-krupps-nuova-esposizione;;8058339386255;"<strong>Lavastoviglie sottobanco Krupps nuova, esposizione</strong>

- Cesto 50x50
- Alimentazione elettrica trifase 400 v
- Potenza: 5.92 Kw
<strong>Consegna e costi di spedizione da accordare salvo esaurimento scorta</strong>";"<strong>Lavastoviglie sottobanco Krupps nuova, esposizione</strong>

- Cesto 50x50
- Alimentazione elettrica trifase 400 v
- Potenza: 5.92 Kw
<strong>Consegna e costi di spedizione da accordare salvo esaurimento scorta</strong>";publish;;0;"2024-11-05 12:58:10";4163;open;EL52ET;;;no;no;;3190;;;59;60;81.5;;;instock;no;no;;no;taxable;;;;;;'-1;'-1;;;"https://www.borz.it/wp-content/uploads/2024/11/EL52ET-1-scaled.jpg ! alt :  ! title : EL52ET-1.jpg ! desc :  ! caption : ";;https://www.borz.it/prodotto/lavastoviglie-sottobanco-krupps-nuova-esposizione/;0;;;;;;;;;;simple;;Occasioni;;;;Krupps;0|1|0
"Vetrina vini Wine 25 nuova";vetrina-vini-wine-25-nuova;;8058339386260;"<strong>Vetrina vini Wine 25 nuova</strong>

- Monotemperatura +2 / 20 C
- Capacita: bottiglie distese da 0.75 lt : 18
- Illuminazione interna led
- Potenza: 0.065 Kw
<strong>Consegna e costi di spedizione da accordare salvo esaurimento scorta</strong>";"<strong>Vetrina vini Wine 25 nuova</strong>

- Monotemperatura +2 / 20 C
- Capacita: bottiglie distese da 0.75 lt : 18
- Illuminazione interna led
- Potenza: 0.065 Kw
<strong>Consegna e costi di spedizione da accordare salvo esaurimento scorta</strong>";publish;;0;"2024-11-05 12:58:10";4163;open;JC58A008;;;no;no;;790;;;29.5;57.3;82;;;instock;no;no;;no;taxable;;;;;;'-1;'-1;;;"https://www.borz.it/wp-content/uploads/2024/11/JC58A008-1-scaled.jpg ! alt :  ! title : JC58A008-1.jpg ! desc :  ! caption : ";;https://www.borz.it/prodotto/vetrina-vini-wine-25-nuova/;0;;;;;;;;;;simple;;Occasioni;;;;hotCLUSS;0|1|0
"Cuocipasta a gas usato GICO";cuocipasta-a-gas-usato-gico;;8058339386268;"<strong>Cuocipasta a gas GICO</strong>

- Alimentazione a gas
- In acciaio inox
- Su armadio chiuso da anta
- Potenza: 8 Kw
<strong>Consegna e costi di spedizione da accordare salvo esaurimento scorta</strong>";"<strong>Cuocipasta a gas GICO</strong>

- Alimentazione a gas
- In acciaio inox
- Su armadio chiuso da anta
- Potenza: 8 Kw
<strong>Consegna e costi di spedizione da accordare salvo esaurimento scorta</strong>";publish;;0;"2024-11-12 15:50:01";4163;open;OM78162001;;;no;no;;1790;;;40;70;90;;;instock;no;no;;no;taxable;;;;;;'-1;'-1;;;"https://www.borz.it/wp-content/uploads/2024/11/OM78162001-1-scaled.jpg ! alt :  ! title : OM78162001-1.jpg ! desc :  ! caption : ";;https://www.borz.it/prodotto/cuocipasta-a-gas-usato-gico/;0;;;;;;;;;;simple;;Occasioni;;;;Gico;0|1|0
"Friggitrice a gas GICO usata";friggitrice-a-gas-gico-usata;;8058339386271;"<strong>Friggitrice a gas GICO</strong>

- Alimentazione a gas
- In acciaio inox
- Incluso doppio cestello
- Potenza: 13 Kw
<strong>Consegna e costi di spedizione da accordare salvo esaurimento scorta</strong>";"<strong>Friggitrice a gas GICO</strong>

- Alimentazione a gas
- In acciaio inox
- Incluso doppio cestello
- Potenza: 13 Kw
<strong>Consegna e costi di spedizione da accordare salvo esaurimento scorta</strong>";publish;;0;"2024-11-12 15:50:03";4163;open;OM70819001;;;no;no;;1390;;;40;90;90;;;instock;no;no;;no;taxable;;;;;;'-1;'-1;;;"https://www.borz.it/wp-content/uploads/2024/11/OM70819001-1-scaled.jpg ! alt :  ! title : OM70819001-1.jpg ! desc :  ! caption : ";;https://www.borz.it/prodotto/friggitrice-a-gas-gico-usata/;0;;;;;;;;;;simple;;Occasioni;;;;Gico;0|1|0
"Vetrina vini climatizzata Eurocave 617OD";vetrina-vini-climatizzata-eurocave-617od;;8058339386278;"<strong>Vetrina vini climatizzata Eurocave 617OD</strong>

- Doppia temperatura
- Inclusi accessori (ripiani, portabottiglie)
- Potenza: 0.235 Kw
<strong>Consegna e costi di spedizione da accordare salvo esaurimento scorta</strong>";"<strong>Vetrina vini climatizzata Eurocave 617OD</strong>

- Doppia temperatura
- Inclusi accessori (ripiani, portabottiglie)
- Potenza: 0.235 Kw
<strong>Consegna e costi di spedizione da accordare salvo esaurimento scorta</strong>";publish;;0;"2024-11-05 12:58:10";4163;open;A6170D;;;no;no;;5990;;;68;72;180;;;instock;no;no;;no;taxable;;;;;;'-1;'-1;;;"https://www.borz.it/wp-content/uploads/2024/11/6170D-scaled.jpg ! alt :  ! title : 6170D ! desc :  ! caption : ";;https://www.borz.it/prodotto/vetrina-vini-climatizzata-eurocave-617od/;0;;;;;;;;;;simple;;Occasioni;;;;Eurocave;0|1|0
"Vetrina vini cuvee 400 ns.esposizione";vetrina-vini-cuvee-400-ns-esposizione;;8058339386279;"<strong>Vetrina vini cuvee 400 ns.esposizione</strong>

- Temperatura positiva +5/+15 C
- Illuminazione a led
- Ripiani in rovere
- Potenza: 0.138 Kw
<strong>Consegna e costi di spedizione da accordare salvo esaurimento scorta</strong>";"<strong>Vetrina vini cuvee 400 ns.esposizione</strong>

- Temperatura positiva +5/+15 C
- Illuminazione a led
- Ripiani in rovere
- Potenza: 0.138 Kw
<strong>Consegna e costi di spedizione da accordare salvo esaurimento scorta</strong>";publish;;0;"2024-11-05 12:58:10";4163;open;A2327T;;;no;no;;1395;;;60;65;180;;;instock;no;no;;no;taxable;;;;;;'-1;'-1;;;"https://www.borz.it/wp-content/uploads/2024/11/2327T-scaled.jpg ! alt :  ! title : 2327T ! desc :  ! caption : ";;https://www.borz.it/prodotto/vetrina-vini-cuvee-400-ns-esposizione/;0;;;;;;;;;;simple;;Occasioni;;;;Mondial;0|1|0
"Lavastoviglie professionale a capote Zanussi ZHT8I usata";lavastoviglie-professionale-a-capote-zanussi-zht8i-usata;;8058339391769;"<strong>Lavastoviglie professionale a capote Zanussi ZHT8I usata</strong>
- Cesto 50 x 50
- Alimentazione elettrica trifase
- Revisionata
- Dimensioni(LxPxH): 54x61x155
- Potenza Max: 12.9 Kw 
<strong>Consegna e costi di spedizione da accordare salvo esaurimento scorta</strong>";"<strong>Lavastoviglie professionale a capote Zanussi ZHT8I usata</strong>
- Cesto 50 x 50
- Alimentazione elettrica trifase
- Revisionata
- Dimensioni(LxPxH): 54x61x155
- Potenza Max: 12.9 Kw 
<strong>Consegna e costi di spedizione da accordare salvo esaurimento scorta</strong>";publish;;0;"2025-02-28 12:00:00";4163;open;ZHT8I;;;no;no;;2990;;;54;61;155;;;instock;no;no;;no;taxable;;;;;;'-1;'-1;;;"https://www.borz.it/wp-content/uploads/2025/02/ZHT8I.jpg ! alt :  ! title : ZHT8I ! desc :  ! caption : ";;https://www.borz.it/prodotto/lavastoviglie-professionale-a-capote-zanussi-zht8i-usata/;0;;;;[];;;;[];;simple;;Occasioni;;;;Zanussi;0|1|0
"Produttore di ghiaccio professionale Kastel SP 50/25 usato";produttore-di-ghiaccio-professionale-kastel-sp-50-25-usato;;8058339391770;"<strong>Produttore di ghiaccio professionale Kastel SP 50/25 usato</strong>
- Telaio in acciaio
- Produzione Giornaliera: 50 kg
- Riserva: 25 kg
- Alimentazione elettrica monofase
- Revisionato
- Dim: 50x58.5x79.5 cm
- Potenza: 0.79 Kw
<strong>Consegna e costi di spedizione da accordare salvo esaurimento scorta</strong>";"<strong>Produttore di ghiaccio professionale Kastel SP 50/25 usato</strong>
- Telaio in acciaio
- Produzione Giornaliera: 50 kg
- Riserva: 25 kg
- Alimentazione elettrica monofase
- Revisionato
- Dim: 50x58.5x79.5 cm
- Potenza: 0.79 Kw
<strong>Consegna e costi di spedizione da accordare salvo esaurimento scorta</strong>";publish;;0;"2025-02-28 12:00:00";4163;open;SP5025;;;no;no;;1150;;49;50;58.5;79.5;;;instock;no;no;;no;taxable;;;;;;'-1;'-1;;;"https://www.borz.it/wp-content/uploads/2025/02/SP5025.jpg ! alt :  ! title : SP5025 ! desc :  ! caption : ";;https://www.borz.it/prodotto/produttore-di-ghiaccio-professionale-kastel-sp-50-25-usato/;0;;;;[];;;;[];;simple;;Occasioni;;;;Kastel;0|1|0
"Lavastoviglie professionale Elettrobar OCEAN 360 DP usata";lavastoviglie-professionale-elettrobar-ocean-360-dp-usata;;8058339391772;"<strong>Lavastoviglie professionale Elettrobar OCEAN 360 DP usata</strong>
- Cesto 50x50
- Telaio in acciaio inox
- Alimentazione elettrica trifase
- Controllo elettronico
- Potenza: 5.55 Kw
<strong>Consegna e costi di spedizione da accordare salvo esaurimento scorta</strong>";"<strong>Lavastoviglie professionale Elettrobar OCEAN 360 DP usata</strong>
- Cesto 50x50
- Telaio in acciaio inox
- Alimentazione elettrica trifase
- Controllo elettronico
- Potenza: 5.55 Kw
<strong>Consegna e costi di spedizione da accordare salvo esaurimento scorta</strong>";publish;;0;"2025-02-28 12:00:00";4163;open;360DP;;;no;no;;1575;;;57.5;60.5;82;;;instock;no;no;;no;taxable;;;;;;'-1;'-1;;;"https://www.borz.it/wp-content/uploads/2025/02/360DP.jpg ! alt :  ! title : 360DP ! desc :  ! caption : ";;https://www.borz.it/prodotto/lavastoviglie-professionale-elettrobar-ocean-360-dp-usata/;0;;;;[];;;;[];;simple;;Occasioni;;;;Elettrobar;0|1|0
"Lavastoviglie a capote professionale Mach MS9120A usata";lavastoviglie-a-capote-professionale-mach-ms9120a-usata;;8058339391773;"<strong>Lavastoviglie a capote professionale Mach MS9120A usata</strong>
- In acciaio inox
- Incluso dosatore brillantante
- Alimentazione elettrica trifase
- Giranti e ugelli in acciaio inox
- Revisionata, in condizioni ottime
- Dim: 63.5x73.5x146 LxPxH
- Potenza: 6.9 Kw
<strong>Consegna e costi di spedizione da accordare salvo esaurimento scorta</strong>";"<strong>Lavastoviglie a capote professionale Mach MS9120A usata</strong>
- In acciaio inox
- Incluso dosatore brillantante
- Alimentazione elettrica trifase
- Giranti e ugelli in acciaio inox
- Revisionata, in condizioni ottime
- Dim: 63.5x73.5x146 LxPxH
- Potenza: 6.9 Kw
<strong>Consegna e costi di spedizione da accordare salvo esaurimento scorta</strong>";publish;;0;"2025-02-28 12:00:00";4163;open;MS9120A;;;no;no;;3990;;128;63.5;73.5;146;;;instock;no;no;;no;taxable;;;;;;'-1;'-1;;;"https://www.borz.it/wp-content/uploads/2025/02/MS9150A.jpg ! alt :  ! title : MS9150A ! desc :  ! caption : ";;https://www.borz.it/prodotto/lavastoviglie-a-capote-professionale-mach-ms9120a-usata/;0;;;;[];;;;[];;simple;;Occasioni;;;;Mach;0|1|0
"Vetrina Refrigerata Self Moltinox usata";vetrina-refrigerata-self-moltinox-usata;;8058339391796;"<strong>Vetrina refrigerata Self Moltinox usata</strong>

Caratteristiche:
-Dim: 160x80x190
- 4 porte
- 4 piani
- Vetrine dietro usurate
<strong>Consegna e costi di spedizione da accordare salvo esaurimento scorta</strong>";"<strong>Vetrina refrigerata Self Moltinox usata</strong>

Caratteristiche:
-Dim: 160x80x190
- 4 porte
- 4 piani
- Vetrine dietro usurate
<strong>Consegna e costi di spedizione da accordare salvo esaurimento scorta</strong>";publish;;0;"2025-03-12 14:00:00";4163;open;BUVMU1;;;no;no;;1200;;;160;80;190;;;instock;no;no;;no;taxable;;;;;;'-1;'-1;;;"https://www.borz.it/wp-content/uploads/2025/03/VMOLTINOXUSATO.jpg ! alt :  ! title : VMOLTINOXUSATO ! desc :  ! caption :  | https://www.borz.it/wp-content/uploads/2025/03/VMOLTINOXUSATO2.jpg ! alt :  ! title : VMOLTINOXUSATO2 ! desc :  ! caption : ";;https://www.borz.it/prodotto/vetrina-refrigerata-self-moltinox-usata/;0;;;;[];;;;[];;simple;;Occasioni;;;;Multinox;0|1|0
"Bagno Maria Self Modular usato";bagno-maria-self-modular-usato;;8058339391797;"<strong>Bagno Maria Self Modular usato</strong>
Unita bagnomaria su armadio caldo con ante

Caratteristiche:
- Dim: 200x80x130
- Potenza KW: 9.6
- Volt: 400
- Temperatura: Serbatoio e base 0 - +90C
- 5x 1/1 GN
- Potenza: 5.82 Kw
<strong>Consegna e costi di spedizione da accordare salvo esaurimento scorta</strong>";"<strong>Bagno Maria Self Modular usato</strong>
Unita bagnomaria su armadio caldo con ante

Caratteristiche:
- Dim: 200x80x130
- Potenza KW: 9.6
- Volt: 400
- Temperatura: Serbatoio e base 0 - +90C
- 5x 1/1 GN
- Potenza: 5.82 Kw
<strong>Consegna e costi di spedizione da accordare salvo esaurimento scorta</strong>";publish;;0;"2025-03-12 14:00:00";4163;open;EBMAC20;;;no;no;;1400;;180;200;80;130;;;instock;no;no;;no;taxable;;;;;;'-1;'-1;;;"https://www.borz.it/wp-content/uploads/2025/03/EBMAC20.jpg ! alt :  ! title : EBMAC20 ! desc :  ! caption :  | https://www.borz.it/wp-content/uploads/2025/03/EBMAC202.jpg ! alt :  ! title : EBMAC202 ! desc :  ! caption : ";;https://www.borz.it/prodotto/bagno-maria-self-modular-usato/;0;;;;[];;;;[];;simple;;Occasioni;;;;Modular;0|1|0
"Armadio refrigerato a doppia anta 1400lt Zanussi usato";armadio-refrigerato-a-doppia-anta-1400lt-zanussi-usato;;8058339391798;"<strong>Armadio refrigerato a doppia anta Zanussi usato</strong>
- Capienza: 1400lt
- 2 ante
- Refrigerazione ventilata
- Range di temperatura: -2 + 10 gradi
- Termostato elettrico con temperatura regolabile
- Display
- Sbrinamento incluso
- In acciaio inox
- piedini regolabili
- alimentazione elettrica monofase
- Motore incorporato
- Dimensioni: 140 x 80 x 200 cm LxPxH
<strong>Consegna e costi di spedizione da accordare salvo esaurimento scorta</strong>";"<strong>Armadio refrigerato a doppia anta Zanussi usato</strong>
- Capienza: 1400lt
- 2 ante
- Refrigerazione ventilata
- Range di temperatura: -2 + 10 gradi
- Termostato elettrico con temperatura regolabile
- Display
- Sbrinamento incluso
- In acciaio inox
- piedini regolabili
- alimentazione elettrica monofase
- Motore incorporato
- Dimensioni: 140 x 80 x 200 cm LxPxH
<strong>Consegna e costi di spedizione da accordare salvo esaurimento scorta</strong>";publish;;0;"2025-03-12 14:00:00";4163;open;BUARZU1;;;no;no;;1250;;;140;80;200;;;instock;no;no;;no;taxable;;;;;;'-1;'-1;;;"https://www.borz.it/wp-content/uploads/2025/03/Armadio_Refrigerato_Zanussi_usato-2.jpg ! alt :  ! title : Armadio_Refrigerato_Zanussi_usato ! desc :  ! caption :  | https://www.borz.it/wp-content/uploads/2025/03/ARMZANUSSIUSATO2.jpg ! alt :  ! title : ARMZANUSSIUSATO2 ! desc :  ! caption : ";;https://www.borz.it/prodotto/armadio-refrigerato-a-doppia-anta-1400lt-zanussi-usato/;0;;;;[];;;;[];;simple;;Occasioni;;;;Zanussi;0|1|0
"Armadio refrigerato a doppia anta 1400lt Desmon usato";armadio-refrigerato-a-doppia-anta-1400lt-desmon-usato;;8058339391799;"<strong>Frigo doppia anta Desmon</strong>
- Temp. positiva
- Capacita 1400 lt
- Alimentazione elettrica monofase
- Dim: 140x80x200 LxPxH
- Potenza: 0.687 Kw
<strong>Consegna e costi di spedizione da accordare salvo esaurimento scorta</strong>";"<strong>Frigo doppia anta Desmon</strong>
- Temp. positiva
- Capacita 1400 lt
- Alimentazione elettrica monofase
- Dim: 140x80x200 LxPxH
- Potenza: 0.687 Kw
<strong>Consegna e costi di spedizione da accordare salvo esaurimento scorta</strong>";publish;;0;"2025-03-12 14:00:00";4163;open;BPSM14;;;no;no;;1150;;;140;80;200;;;instock;no;no;;no;taxable;;;;;;'-1;'-1;;;"https://www.borz.it/wp-content/uploads/2025/03/BPSM14.jpg ! alt :  ! title : BPSM14 ! desc :  ! caption :  | https://www.borz.it/wp-content/uploads/2025/03/BPSM142.jpg ! alt :  ! title : BPSM142 ! desc :  ! caption : ";;https://www.borz.it/prodotto/armadio-refrigerato-a-doppia-anta-1400lt-desmon-usato/;0;;;;[];;;;[];;simple;;Occasioni;;;;Desmon;0|1|0
"Armadio refrigerato temp. positiva capacita 600 lt Mondial usato";armadio-refrigerato-temp-positiva-capacita-600-lt-mondial-usato;;8058339391829;"<strong>Armadio refrigerato temp. positiva capacita 600 lt Mondial usato</strong>
- Temperatura positiva
- In Acciaio inox
<strong>Consegna e costi di spedizione da accordare salvo esaurimento scorta</strong>";"<strong>Armadio refrigerato temp. positiva capacita 600 lt Mondial usato</strong>
- Temperatura positiva
- In Acciaio inox
<strong>Consegna e costi di spedizione da accordare salvo esaurimento scorta</strong>";publish;;0;"2024-03-19 12:00:00";4163;open;100010109;;;no;no;;750;;;77;72;180;;;instock;no;no;;no;taxable;;;;;;'-1;'-1;;;"https://www.borz.it/wp-content/uploads/2025/03/EBA191143.jpg ! alt :  ! title : EBA191143 ! desc :  ! caption :  | https://www.borz.it/wp-content/uploads/2025/03/EBA191143-1.jpg ! alt :  ! title : EBA191143-1 ! desc :  ! caption : ";;https://www.borz.it/prodotto/armadio-refrigerato-temp-positiva-capacita-600-lt-mondial-usato/;0;;;;[];;;;[];;simple;;Occasioni;;;;Mondial;0|1|0
"Armadio refrigerato temp. positiva capacita 600 lt Mareno usato";armadio-refrigerato-temp-positiva-capacita-600-lt-mareno-usato;;8058339391830;"<strong>Armadio refrigerato temp. positiva capacita 600 lt Mareno usato</strong>
- Temperatura positiva
- In Acciaio inox
- Dim: 70x80x200
<strong>Consegna e costi di spedizione da accordare salvo esaurimento scorta</strong>";"<strong>Armadio refrigerato temp. positiva capacita 600 lt Mareno usato</strong>
- Temperatura positiva
- In Acciaio inox
- Dim: 70x80x200
<strong>Consegna e costi di spedizione da accordare salvo esaurimento scorta</strong>";publish;;0;"2024-03-19 12:00:00";4163;open;AFRU-7;;;no;no;;750;;;70;80;200;;;instock;no;no;;no;taxable;;;;;;'-1;'-1;;;"https://www.borz.it/wp-content/uploads/2025/03/AFRU7.jpg ! alt :  ! title : AFRU7 ! desc :  ! caption :  | https://www.borz.it/wp-content/uploads/2025/03/AFRU7-1.jpg ! alt :  ! title : AFRU7-1 ! desc :  ! caption : ";;https://www.borz.it/prodotto/armadio-refrigerato-temp-positiva-capacita-600-lt-mareno-usato/;0;;;;[];;;;[];;simple;;Occasioni;;;;Mareno;0|1|0
"Vetrina espositiva Afinox usata";vetrina-espositiva-afinox-usata;;8058339391831;"<strong>Vetrina espositiva Afinox usata</strong>
- Dim: 215x85x105
- Potenza: 0.429 Kw
<strong>Consegna e costi di spedizione da accordare salvo esaurimento scorta</strong>";"<strong>Vetrina espositiva Afinox usata</strong>
- Dim: 215x85x105
- Potenza: 0.429 Kw
<strong>Consegna e costi di spedizione da accordare salvo esaurimento scorta</strong>";publish;;0;"2024-03-19 12:00:00";4163;open;9SAM6NFCIE001;;;no;no;;495;;;215;85;105;;;instock;no;no;;no;taxable;;;;;;'-1;'-1;;;"https://www.borz.it/wp-content/uploads/2025/03/9SAM6NFCIE001.jpg ! alt :  ! title : 9SAM6NFCIE001 ! desc :  ! caption :  | https://www.borz.it/wp-content/uploads/2025/03/9SAM6NFCIE001-1.jpg ! alt :  ! title : 9SAM6NFCIE001-1 ! desc :  ! caption : ";;https://www.borz.it/prodotto/vetrina-espositiva-afinox-usata/;0;;;;[];;;;[];;simple;;Occasioni;;;;Afinox;0|1|0
"Arrotondatrice impasto pizza Cuppone Bernini 280 nuovo";arrotondatrice-impasto-pizza-cuppone-bernini-280-800-nuovo;;8058339391907;"<strong>Arrotondatrice impasto pizza cuppone Bernini 280/800 nuovo</strong>
- Alimentazione elettrica monofase
- Sv ruote
- Dim 40x56x65
- Potenza: 0.37 Kw 
<strong>Consegna e costi di spedizione da accordare salvo esaurimento scorta</strong>";"<strong>Arrotondatrice impasto pizza cuppone Bernini 280/800 nuovo</strong>
- Alimentazione elettrica monofase
- Sv ruote
- Dim 40x56x65
- Potenza: 0.37 Kw 
<strong>Consegna e costi di spedizione da accordare salvo esaurimento scorta</strong>";publish;;0;"2025-04-02 12:58:10";4163;open;Bernini280;;;no;no;;3505.5;;;40;56;65;;;instock;no;no;;no;taxable;;;;;;'-1;'-1;;;"https://www.borz.it/wp-content/uploads/2025/04/Bernini280-1-scaled.jpeg ! alt :  ! title : Bernini280-1.jpeg ! desc :  ! caption : ";;https://www.borz.it/prodotto/arrotondatrice-impasto-pizza-cuppone-bernini-280-800-nuovo/;0;;;;;;;;;;simple;;Occasioni;;;;Cuppone;0|1|0
"Ivario pro 2s Rational sala espositiva";ivario-pro-2s-rational-sala-espositiva;;8058339391909;"<strong>Ivario pro 2s Rational sala espositiva</strong>
- Alimentazione elettrica trifase
- Completo di supporto con piani estraibili
- Completo di 1 cesto friggitrice + 1 cesto cuocipasta
- Dim 110x88x90
<strong>Consegna e costi di spedizione da accordare salvo esaurimento scorta</strong>";"<strong>Ivario pro 2s Rational sala espositiva</strong>
- Alimentazione elettrica trifase
- Completo di supporto con piani estraibili
- Completo di 1 cesto friggitrice + 1 cesto cuocipasta
- Dim 110x88x90
<strong>Consegna e costi di spedizione da accordare salvo esaurimento scorta</strong>";publish;;0;"2025-04-02 12:58:10";4163;open;IvarioPRO2S;;;no;no;;15045;;;110;88;90;;;instock;no;no;;no;taxable;;;;;;'-1;'-1;;;"https://www.borz.it/wp-content/uploads/2025/04/Ivariopro2s-1-scaled.jpeg ! alt :  ! title : Ivariopro2s-1.jpeg ! desc :  ! caption : ";;https://www.borz.it/prodotto/ivario-pro-2s-rational-sala-espositiva/;0;;;;;;;;;;simple;;Occasioni;;;;Rational;0|1|0
"Produttore di ghiaccio IM 21 Hoshizaki (sala demo)";produttore-di-ghiaccio-im-21-hoshizaki-sala-demo;;8058339391912;"<strong>Produttore di ghiaccio IM 21 Hoshizaki </strong>
- Perfette condizioni
- Produzione 20kg/24h
- Dim 70x47x120
- Potenza: 0.41 Kw
<strong>Consegna e costi di spedizione da accordare salvo esaurimento scorta</strong>";"<strong>Produttore di ghiaccio IM 21 Hoshizaki </strong>
- Perfette condizioni
- Produzione 20kg/24h
- Dim 70x47x120
- Potenza: 0.41 Kw
<strong>Consegna e costi di spedizione da accordare salvo esaurimento scorta</strong>";publish;;0;"2025-04-02 12:58:10";4163;open;L00350F;;;no;no;;2214;;;70;47;120;;;instock;no;no;;no;taxable;;;;;;'-1;'-1;;;"https://www.borz.it/wp-content/uploads/2025/04/L00350F-1-scaled.jpeg ! alt :  ! title : L00350F-1.jpeg ! desc :  ! caption : ";;https://www.borz.it/prodotto/produttore-di-ghiaccio-im-21-hoshizaki-sala-demo/;0;;;;;;;;;;simple;;Occasioni;;;;Hoshizaki;0|1|0
"Lavatrice professionale miele nuova PWM908DB SST";lavatrice-professionale-miele-nuova-pwm908db-sst;;8058339391916;"<strong>Lavatrice professionale miele nuova PWM908DB SST</strong>
- Alimentazione elettrica
- Capacita: 8 kg con valvola di scarico
- Dim 60x64x83
- Potenza: 5.5 Kw
<strong>Consegna e costi di spedizione da accordare salvo esaurimento scorta</strong>";"<strong>Lavatrice professionale miele nuova PWM908DB SST</strong>
- Alimentazione elettrica
- Capacita: 8 kg con valvola di scarico
- Dim 60x64x83
- Potenza: 5.5 Kw
<strong>Consegna e costi di spedizione da accordare salvo esaurimento scorta</strong>";publish;;0;"2025-04-02 12:58:10";4163;open;PWM908DV;;;no;no;;4310;;;60;64;83;;;instock;no;no;;no;taxable;;;;;;'-1;'-1;;;"https://www.borz.it/wp-content/uploads/2025/04/PWM908DV-1-scaled.jpeg ! alt :  ! title : PWM908DV-1.jpeg ! desc :  ! caption : ";;https://www.borz.it/prodotto/lavatrice-professionale-miele-nuova-pwm908db-sst/;0;;;;;;;;;;simple;;Occasioni;;;;Miele;0|1|0
"Cuocipasta a gas usato";cuocipasta-a-gas-usato;;8058339391993;"<strong>Cuocipasta a gas usato</strong>
- Con armadio chiuso da anta
- Rubinetto carico acqua
- Dim 40x72x85
- Potenza:  8.5 Kw
<strong>Consegna e costi di spedizione da accordare salvo esaurimento scorta</strong>";"<strong>Cuocipasta a gas usato</strong>
- Con armadio chiuso da anta
- Rubinetto carico acqua
- Dim 40x72x85
- Potenza:  8.5 Kw
<strong>Consegna e costi di spedizione da accordare salvo esaurimento scorta</strong>";publish;;0;"2025-04-21 12:00:00";4163;open;DR0882558;;;no;no;;970;;;40;72;85;;;instock;no;no;;no;taxable;;;;;;'-1;'-1;;;"https://www.borz.it/wp-content/uploads/2025/04/DR0882558-1-scaled.jpg ! alt :  ! title : DR0882558-1.jpg ! desc :  ! caption :  | https://www.borz.it/wp-content/uploads/2025/04/DR0882558_1-scaled.jpg ! alt :  ! title : DR0882558_1 ! desc :  ! caption : ";;https://www.borz.it/prodotto/cuocipasta-a-gas-usato/;0;;;;[];;;;[];;simple;;Occasioni;;;;MBM;0|1|0
"Frytop a gas Gico usata";frytop-a-gas-gico-usata;;8058339391995;"<strong>Frytop a gas Gico usata</strong>
- Dim 40x90x90
- Alimentazione a gas
- Piastra Rigata
- Potenza: 7.3 Kw
<strong>Consegna e costi di spedizione da accordare salvo esaurimento scorta</strong>";"<strong>Frytop a gas Gico usata</strong>
- Dim 40x90x90
- Alimentazione a gas
- Piastra Rigata
- Potenza: 7.3 Kw
<strong>Consegna e costi di spedizione da accordare salvo esaurimento scorta</strong>";publish;;0;"2025-04-21 12:00:00";4163;open;AS44926001;;;no;no;;1100;;;40;90;90;;;instock;no;no;;no;taxable;;;;;;'-1;'-1;;;"https://www.borz.it/wp-content/uploads/2025/04/AS44926001-1-scaled.jpg ! alt :  ! title : AS44926001-1.jpg ! desc :  ! caption : ";;https://www.borz.it/prodotto/frytop-a-gas-gico-usata/;0;;;;;;;;;;simple;;Occasioni;;;;Gico;0|1|0
"Fry top usata";fry-top-usata;;8058339391997;"<strong>Fry top usata</strong>
- Alimentazione a gas
- Rigata
- Dim 40x75x90
- Potenza: 5.5 Kw
<strong>Consegna e costi di spedizione da accordare salvo esaurimento scorta</strong>";"<strong>Fry top usata</strong>
- Alimentazione a gas
- Rigata
- Dim 40x75x90
- Potenza: 5.5 Kw
<strong>Consegna e costi di spedizione da accordare salvo esaurimento scorta</strong>";publish;;0;"2025-04-21 12:00:00";4163;open;GFTA477R;;;no;no;;570;;;40;75;90;;;instock;no;no;;no;taxable;;;;;;'-1;'-1;;;"https://www.borz.it/wp-content/uploads/2025/04/GFTA477R-1-scaled.jpg ! alt :  ! title : GFTA477R-1.jpg ! desc :  ! caption : ";;https://www.borz.it/prodotto/fry-top-usata/;0;;;;;;;;;;simple;;Occasioni;;;;MBM;0|1|0
"Salamandra hendi usata";salamandra-hendi-usata;;8058339392008;"<strong>Salamandra hendi usata</strong>
Modello 600 - struttura in acciaio inox. Ideale per grigliare o mantenere caldi e croccanti piatti/panini.
Termostato regolabile fino a 300 C con luce di controllo.
2 zone riscaldabili separate.
Regolabile in altrezza mediante un sistema di sollevamento scorrevole.
Vaschetta di recupero estraibile con griglia 590x350 mm.
- Potenza: 3.6 Kw
<strong>Consegna e costi di spedizione da accordare salvo esaurimento scorta</strong>";"<strong>Salamandra hendi usata</strong>
Modello 600 - struttura in acciaio inox. Ideale per grigliare o mantenere caldi e croccanti piatti/panini.
Termostato regolabile fino a 300 C con luce di controllo.
2 zone riscaldabili separate.
Regolabile in altrezza mediante un sistema di sollevamento scorrevole.
Vaschetta di recupero estraibile con griglia 590x350 mm.
- Potenza: 3.6 Kw
<strong>Consegna e costi di spedizione da accordare salvo esaurimento scorta</strong>";publish;;0;"2025-04-22 12:00:00";4163;open;264706;;;no;no;;632.45;;;60;45;55;;;instock;no;no;;no;taxable;;;;;;'-1;'-1;;;"https://www.borz.it/wp-content/uploads/2025/04/264706-1-scaled.jpg ! alt :  ! title : 264706-1.jpg ! desc :  ! caption :  | https://www.borz.it/wp-content/uploads/2025/04/264706_1-scaled.jpg ! alt :  ! title : 264706_1 ! desc :  ! caption : ";;https://www.borz.it/prodotto/salamandra-hendi-usata/;0;;;;[];;;;[];;simple;;Occasioni;;;;Hendi;0|1|0
"Lavello Inox 150x70xh84 usato";lavello-inox-150x70xh84-usato;;8058339392073;"<strong>Lavello Inox 150x70xh84 usato</strong>
- In acciaio inox
- Vasca a dx
- Alzatina lat destra
- Ripiano di fondo
- Dim 150x70x84
<strong>Consegna e costi di spedizione da accordare salvo esaurimento scorta</strong>";"<strong>Lavello Inox 150x70xh84 usato</strong>
- In acciaio inox
- Vasca a dx
- Alzatina lat destra
- Ripiano di fondo
- Dim 150x70x84
<strong>Consegna e costi di spedizione da accordare salvo esaurimento scorta</strong>";publish;;0;"2025-04-30 12:00:00";4163;open;LVINOX150/70;;;no;no;;670;;;150;70;84;;;instock;no;no;;no;taxable;;;;;;'-1;'-1;;;"https://www.borz.it/wp-content/uploads/2025/05/LVINOX150-70.jpg ! alt :  ! title : LVINOX150-70 ! desc :  ! caption : ";;https://www.borz.it/prodotto/lavello-inox-150x70xh84-usato/;0;;;;;;;;;;simple;;Occasioni;;;;;0|1|0
"Stazione Cocktail usata";stazione-cocktail-usata;;8058339392074;"<strong>Stazione Cocktail usata</strong>
- Dim 117x68x81
- In acciaio inox
<strong>Consegna e costi di spedizione da accordare salvo esaurimento scorta</strong>";"<strong>Stazione Cocktail usata</strong>
- Dim 117x68x81
- In acciaio inox
<strong>Consegna e costi di spedizione da accordare salvo esaurimento scorta</strong>";publish;;0;"2025-04-30 12:00:00";4163;open;SCINOX177;;;no;no;;1270;;;117;68;81;;;instock;no;no;;no;taxable;;;;;;'-1;'-1;;;"https://www.borz.it/wp-content/uploads/2025/05/SCINOX177.jpg ! alt :  ! title : SCINOX177 ! desc :  ! caption :  | https://www.borz.it/wp-content/uploads/2025/05/SCINOX177_1.jpg ! alt :  ! title : SCINOX177_1 ! desc :  ! caption : ";;https://www.borz.it/prodotto/stazione-cocktail-usata/;0;;;;[];;;;[];;simple;;Occasioni;;;;;0|1|0
"Carrello Inox sala espositiva";carrello-inox-sala-espositiva;;8058339392075;"<strong>Carrello Inox sala espositiva</strong>
- A 6 ripiani
- In acciaio Inox
- Dim: 55x55x175
<strong>Consegna e costi di spedizione da accordare salvo esaurimento scorta</strong>";"<strong>Carrello Inox sala espositiva</strong>
- A 6 ripiani
- In acciaio Inox
- Dim: 55x55x175
<strong>Consegna e costi di spedizione da accordare salvo esaurimento scorta</strong>";publish;;0;"2025-04-30 12:00:00";4163;open;CARR55/55;;;no;no;;395;;;55;55;175;;;instock;no;no;;no;taxable;;;;;;'-1;'-1;;;"https://www.borz.it/wp-content/uploads/2025/05/CARR55-55-1-scaled.jpg ! alt :  ! title : CARR55-55-1.jpg ! desc :  ! caption : ";;https://www.borz.it/prodotto/carrello-inox-sala-espositiva/;0;;;;;;;;;;simple;;Occasioni;;;;;0|1|0
"Armadio Pensile Inox sala dimostrativa";armadio-pensile-inox-sala-dimostrativa;;8058339392077;"<strong>Armadio Pensile Inox sala dimostrativa</strong>
- Con ripiano intermedio
- Dim: 170x40x60
<strong>Consegna e costi di spedizione da accordare salvo esaurimento scorta</strong>";"<strong>Armadio Pensile Inox sala dimostrativa</strong>
- Con ripiano intermedio
- Dim: 170x40x60
<strong>Consegna e costi di spedizione da accordare salvo esaurimento scorta</strong>";publish;;0;"2025-04-30 12:00:00";4163;open;PEINOX170;;;no;no;;590;;;170;40;60;;;instock;no;no;;no;taxable;;;;;;'-1;'-1;;;"https://www.borz.it/wp-content/uploads/2025/05/PEINOX170.jpg ! alt :  ! title : PEINOX170 ! desc :  ! caption : ";;https://www.borz.it/prodotto/armadio-pensile-inox-sala-dimostrativa/;0;;;;;;;;;;simple;;Occasioni;;;;;0|1|0
"Lavastoviglie Uragan nuova";lavastoviglie-uragan-nuova;;8058339392083;"<strong>Lavastoviglie Uragan nuova</strong>
La lavastoviglie piu piccola della linea, adatta al lavaggio di bicchieri e tazzine da caffe. Doppia parete completa nel laterale, chiusura senza viti a vista, macchina con dimensioni compatte! Chiusura porta ammortizzata.
- Cesto 40x40
- Dim: 50 x 54 x 72.5
- Potenza: 3,5 kW
<strong>Consegna e costi di spedizione da accordare salvo esaurimento scorta</strong>";"<strong>Lavastoviglie Uragan nuova</strong>
La lavastoviglie piu piccola della linea, adatta al lavaggio di bicchieri e tazzine da caffe. Doppia parete completa nel laterale, chiusura senza viti a vista, macchina con dimensioni compatte! Chiusura porta ammortizzata.
- Cesto 40x40
- Dim: 50 x 54 x 72.5
- Potenza: 3,5 kW
<strong>Consegna e costi di spedizione da accordare salvo esaurimento scorta</strong>";publish;;0;"2025-04-30 12:00:00";4163;open;URAGAN40;;;no;no;;1900;;;50;54;72.5;;;instock;no;no;;no;taxable;;;;;;'-1;'-1;;;"https://www.borz.it/wp-content/uploads/2025/05/URAGAN40-1-scaled.jpg ! alt :  ! title : URAGAN40-1.jpg ! desc :  ! caption :  | https://www.borz.it/wp-content/uploads/2025/05/URAGAN40_1-scaled.jpg ! alt :  ! title : URAGAN40_1 ! desc :  ! caption : ";;https://www.borz.it/prodotto/lavastoviglie-uragan-nuova/;0;;;;[];;;;[];;simple;;Occasioni;;;;Uragan;0|1|0
"Lavello Inox usato per Linea lavapentole";lavello-inox-usato-per-linea-lavapentole;;8058339392088;"<strong>Lavello Inox usato per Linea lavapentole</strong>
- Con ripiano di fondo
- Alzatina parziale
- Dim 320x60x90
<strong>Consegna e costi di spedizione da accordare salvo esaurimento scorta</strong>";"<strong>Lavello Inox usato per Linea lavapentole</strong>
- Con ripiano di fondo
- Alzatina parziale
- Dim 320x60x90
<strong>Consegna e costi di spedizione da accordare salvo esaurimento scorta</strong>";publish;;0;"2025-04-30 12:00:00";4163;open;LVINOX320/60;;;no;no;;650;;;320;60;90;;;instock;no;no;;no;taxable;;;;;;'-1;'-1;;;"https://www.borz.it/wp-content/uploads/2025/05/LVINOX320-60-1-scaled.jpg ! alt :  ! title : LVINOX320-60-1.jpg ! desc :  ! caption :  | https://www.borz.it/wp-content/uploads/2025/05/LVINOX320-60_1-scaled.jpg ! alt :  ! title : LVINOX320-60_1 ! desc :  ! caption : ";;https://www.borz.it/prodotto/lavello-inox-usato-per-linea-lavapentole/;0;;;;[];;;;[];;simple;;Occasioni;;;;;0|1|0
"Bilancia usata";bilancia-usata;;8058339392092;"<strong>Bilancia usata</strong>
- Dim: 30x30x50
- Da 100 gr a 10 Kg
<strong>Consegna e costi di spedizione da accordare salvo esaurimento scorta</strong>";"<strong>Bilancia usata</strong>
- Dim: 30x30x50
- Da 100 gr a 10 Kg
<strong>Consegna e costi di spedizione da accordare salvo esaurimento scorta</strong>";publish;;0;"2025-04-30 12:00:00";4163;open;BES003;;;no;no;;370;;;30;30;50;;;instock;no;no;;no;taxable;;;;;;'-1;'-1;;;"https://www.borz.it/wp-content/uploads/2025/05/BES003-1-scaled.jpg ! alt :  ! title : BES003-1.jpg ! desc :  ! caption : ";;https://www.borz.it/prodotto/bilancia-usata/;0;;;;;;;;;;simple;;Occasioni;;;;Arsa;0|1|0
"Piano Lavello inox con alzatina posteriore usato";piano-lavello-inox-con-alzatina-posteriore-usato;;8058339392107;"<strong>Piano Lavello inox con alzatina posteriore usato</strong>
- Vasca laterale sinistra
- Dim 245x70x25
- Pronto per pattumiera
<strong>Consegna e costi di spedizione da accordare salvo esaurimento scorta</strong>";"<strong>Piano Lavello inox con alzatina posteriore usato</strong>
- Vasca laterale sinistra
- Dim 245x70x25
- Pronto per pattumiera
<strong>Consegna e costi di spedizione da accordare salvo esaurimento scorta</strong>";publish;;0;"2025-04-30 12:00:00";4163;open;PIANOV245/70;;;no;no;;1250;;;245;70;25;;;instock;no;no;;no;taxable;;;;;;'-1;'-1;;;"https://www.borz.it/wp-content/uploads/2025/05/PIANOV245-70-1-scaled.jpg ! alt :  ! title : PIANOV245-70-1.jpg ! desc :  ! caption : ";;https://www.borz.it/prodotto/piano-lavello-inox-con-alzatina-posteriore-usato/;0;;;;;;;;;;simple;;Occasioni;;;;;0|1|0
"Cappa Aspirazione usata";cappa-aspirazione-usata;;8058339392109;"<strong>Cappa Aspirazione usata</strong>
- In acciaio inox
- Dim: 100 x 54 x 100
<strong>Consegna e costi di spedizione da accordare salvo esaurimento scorta</strong>";"<strong>Cappa Aspirazione usata</strong>
- In acciaio inox
- Dim: 100 x 54 x 100
<strong>Consegna e costi di spedizione da accordare salvo esaurimento scorta</strong>";publish;;0;"2025-04-30 12:00:00";4163;open;CPINOX100;;;no;no;;1000;;;100;45;100;;;instock;no;no;;no;taxable;;;;;;'-1;'-1;;;"https://www.borz.it/wp-content/uploads/2025/05/CPINOX100-1-scaled.jpg ! alt :  ! title : CPINOX100-1.jpg ! desc :  ! caption : ";;https://www.borz.it/prodotto/cappa-aspirazione-usata/;0;;;;;;;;;;simple;;Occasioni;;;;;0|1|0
"usato Sirman";usato-sirman;;8058339392112;"<strong>usato Sirman</strong>
- Dim: 55x35x45
-Trifase 400 V
- Potenza: 1.1 Kw
<strong>Consegna e costi di spedizione da accordare salvo esaurimento scorta</strong>";"<strong>usato Sirman</strong>
- Dim: 55x35x45
-Trifase 400 V
- Potenza: 1.1 Kw
<strong>Consegna e costi di spedizione da accordare salvo esaurimento scorta</strong>";publish;;0;"2025-04-30 12:00:00";4163;open;TCG12M;;;no;no;;419;;;55;35;45;;;instock;no;no;;no;taxable;;;;;;'-1;'-1;;;"https://www.borz.it/wp-content/uploads/2025/05/TCG12M-1-scaled.jpg ! alt :  ! title : TCG12M-1.jpg ! desc :  ! caption : ";;https://www.borz.it/prodotto/usato-sirman/;0;;;;;;;;;;simple;;Occasioni;;;;Sirman;0|1|0
"Modulo cassettiera 3 cassetti sala demo";modulo-cassettiera-3-cassetti-sala-demo;;8058339392114;"<strong>Modulo cassettiera 3 cassetti sala demo</strong>
- In acciaio inox
- Dim: 40x60x65
- 3 cassetti
<strong>Consegna e costi di spedizione da accordare salvo esaurimento scorta</strong>";"<strong>Modulo cassettiera 3 cassetti sala demo</strong>
- In acciaio inox
- Dim: 40x60x65
- 3 cassetti
<strong>Consegna e costi di spedizione da accordare salvo esaurimento scorta</strong>";publish;;0;"2025-04-30 12:00:00";4163;open;CASS3CINOX;;;no;no;;430;;;40;65;65;;;instock;no;no;;no;taxable;;;;;;'-1;'-1;;;"https://www.borz.it/wp-content/uploads/2025/05/CASS3CINOX.jpg ! alt :  ! title : CASS3CINOX ! desc :  ! caption : ";;https://www.borz.it/prodotto/modulo-cassettiera-3-cassetti-sala-demo/;0;;;;;;;;;;simple;;Occasioni;;;;;0|1|0
"Lavello Inox chiuso armadiato usato";lavello-inox-chiuso-armadiato-usato;;8058339392120;"<strong>Lavello Inox chiuso armadiato usato</strong>
- Con mobile scorrevole
- Doppia vasca
- Rubinetto inclinato
- Dim 150x70x85
<strong>Consegna e costi di spedizione da accordare salvo esaurimento scorta</strong>";"<strong>Lavello Inox chiuso armadiato usato</strong>
- Con mobile scorrevole
- Doppia vasca
- Rubinetto inclinato
- Dim 150x70x85
<strong>Consegna e costi di spedizione da accordare salvo esaurimento scorta</strong>";publish;;0;"2025-04-30 12:00:00";4163;open;LVINOX150/70-1;;;no;no;;950;;;150;70;85;;;instock;no;no;;no;taxable;;;;;;'-1;'-1;;;"https://www.borz.it/wp-content/uploads/2025/05/LVINOX150-70-1-2-scaled.jpg ! alt :  ! title : LVINOX150-70-1-2.jpg ! desc :  ! caption : ";;https://www.borz.it/prodotto/lavello-inox-chiuso-armadiato-usato/;0;;;;;;;;;;simple;;Occasioni;;;;;0|1|0
"Piano Inox su misura nuovo";piano-inox-su-misura-nuovo;;8058339392129;"<strong>Piano Inox su misura nuovo</strong>
- In acciaio inox AISI 304
- Con vasca sul lato sinistro
- Alzatina post
- Dim: 175x70x40
<strong>Consegna e costi di spedizione da accordare salvo esaurimento scorta</strong>";"<strong>Piano Inox su misura nuovo</strong>
- In acciaio inox AISI 304
- Con vasca sul lato sinistro
- Alzatina post
- Dim: 175x70x40
<strong>Consegna e costi di spedizione da accordare salvo esaurimento scorta</strong>";publish;;0;"2025-04-30 12:00:00";4163;open;PNINOX175;;;no;no;;1410;;;175;70;40;;;instock;no;no;;no;taxable;;;;;;'-1;'-1;;;"https://www.borz.it/wp-content/uploads/2025/05/PNINOX175.jpg ! alt :  ! title : PNINOX175 ! desc :  ! caption : ";;https://www.borz.it/prodotto/piano-inox-su-misura-nuovo/;0;;;;;;;;;;simple;;Occasioni;;;;;0|1|0
"Piano Inox su misura nuovo";piano-inox-su-misura-nuovo-2;;8058339392130;"<strong>Piano Inox su misura nuovo</strong>
- In acciaio inox AISI 304
- Con vasca sul lato sinistro
- Alzatina post
- Dim: 245x70x40
<strong>Consegna e costi di spedizione da accordare salvo esaurimento scorta</strong>";"<strong>Piano Inox su misura nuovo</strong>
- In acciaio inox AISI 304
- Con vasca sul lato sinistro
- Alzatina post
- Dim: 245x70x40
<strong>Consegna e costi di spedizione da accordare salvo esaurimento scorta</strong>";publish;;0;"2025-04-30 12:00:00";4163;open;PNINOX245;;;no;no;;1710;;;245;70;40;;;instock;no;no;;no;taxable;;;;;;'-1;'-1;;;"https://www.borz.it/wp-content/uploads/2025/05/PNINOX245.jpg ! alt :  ! title : PNINOX245 ! desc :  ! caption : ";;https://www.borz.it/prodotto/piano-inox-su-misura-nuovo-2/;0;;;;;;;;;;simple;;Occasioni;;;;;0|1|0
